# Procedural unit UV sphere, authored smooth normals; no external dependencies.
o MaterialBall
v 0.000000000 1.000000000 0.000000000
v 0.130526192 0.991444861 0.000000000
v 0.129409523 0.991444861 0.017037087
v 0.126078620 0.991444861 0.033782664
v 0.120590477 0.991444861 0.049950211
v 0.113038998 0.991444861 0.065263096
v 0.103553391 0.991444861 0.079459311
v 0.092295956 0.991444861 0.092295956
v 0.079459311 0.991444861 0.103553391
v 0.065263096 0.991444861 0.113038998
v 0.049950211 0.991444861 0.120590477
v 0.033782664 0.991444861 0.126078620
v 0.017037087 0.991444861 0.129409523
v 0.000000000 0.991444861 0.130526192
v -0.017037087 0.991444861 0.129409523
v -0.033782664 0.991444861 0.126078620
v -0.049950211 0.991444861 0.120590477
v -0.065263096 0.991444861 0.113038998
v -0.079459311 0.991444861 0.103553391
v -0.092295956 0.991444861 0.092295956
v -0.103553391 0.991444861 0.079459311
v -0.113038998 0.991444861 0.065263096
v -0.120590477 0.991444861 0.049950211
v -0.126078620 0.991444861 0.033782664
v -0.129409523 0.991444861 0.017037087
v -0.130526192 0.991444861 0.000000000
v -0.129409523 0.991444861 -0.017037087
v -0.126078620 0.991444861 -0.033782664
v -0.120590477 0.991444861 -0.049950211
v -0.113038998 0.991444861 -0.065263096
v -0.103553391 0.991444861 -0.079459311
v -0.092295956 0.991444861 -0.092295956
v -0.079459311 0.991444861 -0.103553391
v -0.065263096 0.991444861 -0.113038998
v -0.049950211 0.991444861 -0.120590477
v -0.033782664 0.991444861 -0.126078620
v -0.017037087 0.991444861 -0.129409523
v -0.000000000 0.991444861 -0.130526192
v 0.017037087 0.991444861 -0.129409523
v 0.033782664 0.991444861 -0.126078620
v 0.049950211 0.991444861 -0.120590477
v 0.065263096 0.991444861 -0.113038998
v 0.079459311 0.991444861 -0.103553391
v 0.092295956 0.991444861 -0.092295956
v 0.103553391 0.991444861 -0.079459311
v 0.113038998 0.991444861 -0.065263096
v 0.120590477 0.991444861 -0.049950211
v 0.126078620 0.991444861 -0.033782664
v 0.129409523 0.991444861 -0.017037087
v 0.258819045 0.965925826 0.000000000
v 0.256604812 0.965925826 0.033782664
v 0.250000000 0.965925826 0.066987298
v 0.239117618 0.965925826 0.099045761
v 0.224143868 0.965925826 0.129409523
v 0.205334954 0.965925826 0.157559052
v 0.183012702 0.965925826 0.183012702
v 0.157559052 0.965925826 0.205334954
v 0.129409523 0.965925826 0.224143868
v 0.099045761 0.965925826 0.239117618
v 0.066987298 0.965925826 0.250000000
v 0.033782664 0.965925826 0.256604812
v 0.000000000 0.965925826 0.258819045
v -0.033782664 0.965925826 0.256604812
v -0.066987298 0.965925826 0.250000000
v -0.099045761 0.965925826 0.239117618
v -0.129409523 0.965925826 0.224143868
v -0.157559052 0.965925826 0.205334954
v -0.183012702 0.965925826 0.183012702
v -0.205334954 0.965925826 0.157559052
v -0.224143868 0.965925826 0.129409523
v -0.239117618 0.965925826 0.099045761
v -0.250000000 0.965925826 0.066987298
v -0.256604812 0.965925826 0.033782664
v -0.258819045 0.965925826 0.000000000
v -0.256604812 0.965925826 -0.033782664
v -0.250000000 0.965925826 -0.066987298
v -0.239117618 0.965925826 -0.099045761
v -0.224143868 0.965925826 -0.129409523
v -0.205334954 0.965925826 -0.157559052
v -0.183012702 0.965925826 -0.183012702
v -0.157559052 0.965925826 -0.205334954
v -0.129409523 0.965925826 -0.224143868
v -0.099045761 0.965925826 -0.239117618
v -0.066987298 0.965925826 -0.250000000
v -0.033782664 0.965925826 -0.256604812
v -0.000000000 0.965925826 -0.258819045
v 0.033782664 0.965925826 -0.256604812
v 0.066987298 0.965925826 -0.250000000
v 0.099045761 0.965925826 -0.239117618
v 0.129409523 0.965925826 -0.224143868
v 0.157559052 0.965925826 -0.205334954
v 0.183012702 0.965925826 -0.183012702
v 0.205334954 0.965925826 -0.157559052
v 0.224143868 0.965925826 -0.129409523
v 0.239117618 0.965925826 -0.099045761
v 0.250000000 0.965925826 -0.066987298
v 0.256604812 0.965925826 -0.033782664
v 0.382683432 0.923879533 0.000000000
v 0.379409523 0.923879533 0.049950211
v 0.369643811 0.923879533 0.099045761
v 0.353553391 0.923879533 0.146446609
v 0.331413574 0.923879533 0.191341716
v 0.303603179 0.923879533 0.232962913
v 0.270598050 0.923879533 0.270598050
v 0.232962913 0.923879533 0.303603179
v 0.191341716 0.923879533 0.331413574
v 0.146446609 0.923879533 0.353553391
v 0.099045761 0.923879533 0.369643811
v 0.049950211 0.923879533 0.379409523
v 0.000000000 0.923879533 0.382683432
v -0.049950211 0.923879533 0.379409523
v -0.099045761 0.923879533 0.369643811
v -0.146446609 0.923879533 0.353553391
v -0.191341716 0.923879533 0.331413574
v -0.232962913 0.923879533 0.303603179
v -0.270598050 0.923879533 0.270598050
v -0.303603179 0.923879533 0.232962913
v -0.331413574 0.923879533 0.191341716
v -0.353553391 0.923879533 0.146446609
v -0.369643811 0.923879533 0.099045761
v -0.379409523 0.923879533 0.049950211
v -0.382683432 0.923879533 0.000000000
v -0.379409523 0.923879533 -0.049950211
v -0.369643811 0.923879533 -0.099045761
v -0.353553391 0.923879533 -0.146446609
v -0.331413574 0.923879533 -0.191341716
v -0.303603179 0.923879533 -0.232962913
v -0.270598050 0.923879533 -0.270598050
v -0.232962913 0.923879533 -0.303603179
v -0.191341716 0.923879533 -0.331413574
v -0.146446609 0.923879533 -0.353553391
v -0.099045761 0.923879533 -0.369643811
v -0.049950211 0.923879533 -0.379409523
v -0.000000000 0.923879533 -0.382683432
v 0.049950211 0.923879533 -0.379409523
v 0.099045761 0.923879533 -0.369643811
v 0.146446609 0.923879533 -0.353553391
v 0.191341716 0.923879533 -0.331413574
v 0.232962913 0.923879533 -0.303603179
v 0.270598050 0.923879533 -0.270598050
v 0.303603179 0.923879533 -0.232962913
v 0.331413574 0.923879533 -0.191341716
v 0.353553391 0.923879533 -0.146446609
v 0.369643811 0.923879533 -0.099045761
v 0.379409523 0.923879533 -0.049950211
v 0.500000000 0.866025404 0.000000000
v 0.495722431 0.866025404 0.065263096
v 0.482962913 0.866025404 0.129409523
v 0.461939766 0.866025404 0.191341716
v 0.433012702 0.866025404 0.250000000
v 0.396676670 0.866025404 0.304380715
v 0.353553391 0.866025404 0.353553391
v 0.304380715 0.866025404 0.396676670
v 0.250000000 0.866025404 0.433012702
v 0.191341716 0.866025404 0.461939766
v 0.129409523 0.866025404 0.482962913
v 0.065263096 0.866025404 0.495722431
v 0.000000000 0.866025404 0.500000000
v -0.065263096 0.866025404 0.495722431
v -0.129409523 0.866025404 0.482962913
v -0.191341716 0.866025404 0.461939766
v -0.250000000 0.866025404 0.433012702
v -0.304380715 0.866025404 0.396676670
v -0.353553391 0.866025404 0.353553391
v -0.396676670 0.866025404 0.304380715
v -0.433012702 0.866025404 0.250000000
v -0.461939766 0.866025404 0.191341716
v -0.482962913 0.866025404 0.129409523
v -0.495722431 0.866025404 0.065263096
v -0.500000000 0.866025404 0.000000000
v -0.495722431 0.866025404 -0.065263096
v -0.482962913 0.866025404 -0.129409523
v -0.461939766 0.866025404 -0.191341716
v -0.433012702 0.866025404 -0.250000000
v -0.396676670 0.866025404 -0.304380715
v -0.353553391 0.866025404 -0.353553391
v -0.304380715 0.866025404 -0.396676670
v -0.250000000 0.866025404 -0.433012702
v -0.191341716 0.866025404 -0.461939766
v -0.129409523 0.866025404 -0.482962913
v -0.065263096 0.866025404 -0.495722431
v -0.000000000 0.866025404 -0.500000000
v 0.065263096 0.866025404 -0.495722431
v 0.129409523 0.866025404 -0.482962913
v 0.191341716 0.866025404 -0.461939766
v 0.250000000 0.866025404 -0.433012702
v 0.304380715 0.866025404 -0.396676670
v 0.353553391 0.866025404 -0.353553391
v 0.396676670 0.866025404 -0.304380715
v 0.433012702 0.866025404 -0.250000000
v 0.461939766 0.866025404 -0.191341716
v 0.482962913 0.866025404 -0.129409523
v 0.495722431 0.866025404 -0.065263096
v 0.608761429 0.793353340 0.000000000
v 0.603553391 0.793353340 0.079459311
v 0.588018386 0.793353340 0.157559052
v 0.562422224 0.793353340 0.232962913
v 0.527202862 0.793353340 0.304380715
v 0.482962913 0.793353340 0.370590477
v 0.430459335 0.793353340 0.430459335
v 0.370590477 0.793353340 0.482962913
v 0.304380715 0.793353340 0.527202862
v 0.232962913 0.793353340 0.562422224
v 0.157559052 0.793353340 0.588018386
v 0.079459311 0.793353340 0.603553391
v 0.000000000 0.793353340 0.608761429
v -0.079459311 0.793353340 0.603553391
v -0.157559052 0.793353340 0.588018386
v -0.232962913 0.793353340 0.562422224
v -0.304380715 0.793353340 0.527202862
v -0.370590477 0.793353340 0.482962913
v -0.430459335 0.793353340 0.430459335
v -0.482962913 0.793353340 0.370590477
v -0.527202862 0.793353340 0.304380715
v -0.562422224 0.793353340 0.232962913
v -0.588018386 0.793353340 0.157559052
v -0.603553391 0.793353340 0.079459311
v -0.608761429 0.793353340 0.000000000
v -0.603553391 0.793353340 -0.079459311
v -0.588018386 0.793353340 -0.157559052
v -0.562422224 0.793353340 -0.232962913
v -0.527202862 0.793353340 -0.304380715
v -0.482962913 0.793353340 -0.370590477
v -0.430459335 0.793353340 -0.430459335
v -0.370590477 0.793353340 -0.482962913
v -0.304380715 0.793353340 -0.527202862
v -0.232962913 0.793353340 -0.562422224
v -0.157559052 0.793353340 -0.588018386
v -0.079459311 0.793353340 -0.603553391
v -0.000000000 0.793353340 -0.608761429
v 0.079459311 0.793353340 -0.603553391
v 0.157559052 0.793353340 -0.588018386
v 0.232962913 0.793353340 -0.562422224
v 0.304380715 0.793353340 -0.527202862
v 0.370590477 0.793353340 -0.482962913
v 0.430459335 0.793353340 -0.430459335
v 0.482962913 0.793353340 -0.370590477
v 0.527202862 0.793353340 -0.304380715
v 0.562422224 0.793353340 -0.232962913
v 0.588018386 0.793353340 -0.157559052
v 0.603553391 0.793353340 -0.079459311
v 0.707106781 0.707106781 0.000000000
v 0.701057385 0.707106781 0.092295956
v 0.683012702 0.707106781 0.183012702
v 0.653281482 0.707106781 0.270598050
v 0.612372436 0.707106781 0.353553391
v 0.560985527 0.707106781 0.430459335
v 0.500000000 0.707106781 0.500000000
v 0.430459335 0.707106781 0.560985527
v 0.353553391 0.707106781 0.612372436
v 0.270598050 0.707106781 0.653281482
v 0.183012702 0.707106781 0.683012702
v 0.092295956 0.707106781 0.701057385
v 0.000000000 0.707106781 0.707106781
v -0.092295956 0.707106781 0.701057385
v -0.183012702 0.707106781 0.683012702
v -0.270598050 0.707106781 0.653281482
v -0.353553391 0.707106781 0.612372436
v -0.430459335 0.707106781 0.560985527
v -0.500000000 0.707106781 0.500000000
v -0.560985527 0.707106781 0.430459335
v -0.612372436 0.707106781 0.353553391
v -0.653281482 0.707106781 0.270598050
v -0.683012702 0.707106781 0.183012702
v -0.701057385 0.707106781 0.092295956
v -0.707106781 0.707106781 0.000000000
v -0.701057385 0.707106781 -0.092295956
v -0.683012702 0.707106781 -0.183012702
v -0.653281482 0.707106781 -0.270598050
v -0.612372436 0.707106781 -0.353553391
v -0.560985527 0.707106781 -0.430459335
v -0.500000000 0.707106781 -0.500000000
v -0.430459335 0.707106781 -0.560985527
v -0.353553391 0.707106781 -0.612372436
v -0.270598050 0.707106781 -0.653281482
v -0.183012702 0.707106781 -0.683012702
v -0.092295956 0.707106781 -0.701057385
v -0.000000000 0.707106781 -0.707106781
v 0.092295956 0.707106781 -0.701057385
v 0.183012702 0.707106781 -0.683012702
v 0.270598050 0.707106781 -0.653281482
v 0.353553391 0.707106781 -0.612372436
v 0.430459335 0.707106781 -0.560985527
v 0.500000000 0.707106781 -0.500000000
v 0.560985527 0.707106781 -0.430459335
v 0.612372436 0.707106781 -0.353553391
v 0.653281482 0.707106781 -0.270598050
v 0.683012702 0.707106781 -0.183012702
v 0.701057385 0.707106781 -0.092295956
v 0.793353340 0.608761429 0.000000000
v 0.786566092 0.608761429 0.103553391
v 0.766320481 0.608761429 0.205334954
v 0.732962913 0.608761429 0.303603179
v 0.687064147 0.608761429 0.396676670
v 0.629409523 0.608761429 0.482962913
v 0.560985527 0.608761429 0.560985527
v 0.482962913 0.608761429 0.629409523
v 0.396676670 0.608761429 0.687064147
v 0.303603179 0.608761429 0.732962913
v 0.205334954 0.608761429 0.766320481
v 0.103553391 0.608761429 0.786566092
v 0.000000000 0.608761429 0.793353340
v -0.103553391 0.608761429 0.786566092
v -0.205334954 0.608761429 0.766320481
v -0.303603179 0.608761429 0.732962913
v -0.396676670 0.608761429 0.687064147
v -0.482962913 0.608761429 0.629409523
v -0.560985527 0.608761429 0.560985527
v -0.629409523 0.608761429 0.482962913
v -0.687064147 0.608761429 0.396676670
v -0.732962913 0.608761429 0.303603179
v -0.766320481 0.608761429 0.205334954
v -0.786566092 0.608761429 0.103553391
v -0.793353340 0.608761429 0.000000000
v -0.786566092 0.608761429 -0.103553391
v -0.766320481 0.608761429 -0.205334954
v -0.732962913 0.608761429 -0.303603179
v -0.687064147 0.608761429 -0.396676670
v -0.629409523 0.608761429 -0.482962913
v -0.560985527 0.608761429 -0.560985527
v -0.482962913 0.608761429 -0.629409523
v -0.396676670 0.608761429 -0.687064147
v -0.303603179 0.608761429 -0.732962913
v -0.205334954 0.608761429 -0.766320481
v -0.103553391 0.608761429 -0.786566092
v -0.000000000 0.608761429 -0.793353340
v 0.103553391 0.608761429 -0.786566092
v 0.205334954 0.608761429 -0.766320481
v 0.303603179 0.608761429 -0.732962913
v 0.396676670 0.608761429 -0.687064147
v 0.482962913 0.608761429 -0.629409523
v 0.560985527 0.608761429 -0.560985527
v 0.629409523 0.608761429 -0.482962913
v 0.687064147 0.608761429 -0.396676670
v 0.732962913 0.608761429 -0.303603179
v 0.766320481 0.608761429 -0.205334954
v 0.786566092 0.608761429 -0.103553391
v 0.866025404 0.500000000 0.000000000
v 0.858616436 0.500000000 0.113038998
v 0.836516304 0.500000000 0.224143868
v 0.800103145 0.500000000 0.331413574
v 0.750000000 0.500000000 0.433012702
v 0.687064147 0.500000000 0.527202862
v 0.612372436 0.500000000 0.612372436
v 0.527202862 0.500000000 0.687064147
v 0.433012702 0.500000000 0.750000000
v 0.331413574 0.500000000 0.800103145
v 0.224143868 0.500000000 0.836516304
v 0.113038998 0.500000000 0.858616436
v 0.000000000 0.500000000 0.866025404
v -0.113038998 0.500000000 0.858616436
v -0.224143868 0.500000000 0.836516304
v -0.331413574 0.500000000 0.800103145
v -0.433012702 0.500000000 0.750000000
v -0.527202862 0.500000000 0.687064147
v -0.612372436 0.500000000 0.612372436
v -0.687064147 0.500000000 0.527202862
v -0.750000000 0.500000000 0.433012702
v -0.800103145 0.500000000 0.331413574
v -0.836516304 0.500000000 0.224143868
v -0.858616436 0.500000000 0.113038998
v -0.866025404 0.500000000 0.000000000
v -0.858616436 0.500000000 -0.113038998
v -0.836516304 0.500000000 -0.224143868
v -0.800103145 0.500000000 -0.331413574
v -0.750000000 0.500000000 -0.433012702
v -0.687064147 0.500000000 -0.527202862
v -0.612372436 0.500000000 -0.612372436
v -0.527202862 0.500000000 -0.687064147
v -0.433012702 0.500000000 -0.750000000
v -0.331413574 0.500000000 -0.800103145
v -0.224143868 0.500000000 -0.836516304
v -0.113038998 0.500000000 -0.858616436
v -0.000000000 0.500000000 -0.866025404
v 0.113038998 0.500000000 -0.858616436
v 0.224143868 0.500000000 -0.836516304
v 0.331413574 0.500000000 -0.800103145
v 0.433012702 0.500000000 -0.750000000
v 0.527202862 0.500000000 -0.687064147
v 0.612372436 0.500000000 -0.612372436
v 0.687064147 0.500000000 -0.527202862
v 0.750000000 0.500000000 -0.433012702
v 0.800103145 0.500000000 -0.331413574
v 0.836516304 0.500000000 -0.224143868
v 0.858616436 0.500000000 -0.113038998
v 0.923879533 0.382683432 0.000000000
v 0.915975615 0.382683432 0.120590477
v 0.892399101 0.382683432 0.239117618
v 0.853553391 0.382683432 0.353553391
v 0.800103145 0.382683432 0.461939766
v 0.732962913 0.382683432 0.562422224
v 0.653281482 0.382683432 0.653281482
v 0.562422224 0.382683432 0.732962913
v 0.461939766 0.382683432 0.800103145
v 0.353553391 0.382683432 0.853553391
v 0.239117618 0.382683432 0.892399101
v 0.120590477 0.382683432 0.915975615
v 0.000000000 0.382683432 0.923879533
v -0.120590477 0.382683432 0.915975615
v -0.239117618 0.382683432 0.892399101
v -0.353553391 0.382683432 0.853553391
v -0.461939766 0.382683432 0.800103145
v -0.562422224 0.382683432 0.732962913
v -0.653281482 0.382683432 0.653281482
v -0.732962913 0.382683432 0.562422224
v -0.800103145 0.382683432 0.461939766
v -0.853553391 0.382683432 0.353553391
v -0.892399101 0.382683432 0.239117618
v -0.915975615 0.382683432 0.120590477
v -0.923879533 0.382683432 0.000000000
v -0.915975615 0.382683432 -0.120590477
v -0.892399101 0.382683432 -0.239117618
v -0.853553391 0.382683432 -0.353553391
v -0.800103145 0.382683432 -0.461939766
v -0.732962913 0.382683432 -0.562422224
v -0.653281482 0.382683432 -0.653281482
v -0.562422224 0.382683432 -0.732962913
v -0.461939766 0.382683432 -0.800103145
v -0.353553391 0.382683432 -0.853553391
v -0.239117618 0.382683432 -0.892399101
v -0.120590477 0.382683432 -0.915975615
v -0.000000000 0.382683432 -0.923879533
v 0.120590477 0.382683432 -0.915975615
v 0.239117618 0.382683432 -0.892399101
v 0.353553391 0.382683432 -0.853553391
v 0.461939766 0.382683432 -0.800103145
v 0.562422224 0.382683432 -0.732962913
v 0.653281482 0.382683432 -0.653281482
v 0.732962913 0.382683432 -0.562422224
v 0.800103145 0.382683432 -0.461939766
v 0.853553391 0.382683432 -0.353553391
v 0.892399101 0.382683432 -0.239117618
v 0.915975615 0.382683432 -0.120590477
v 0.965925826 0.258819045 0.000000000
v 0.957662197 0.258819045 0.126078620
v 0.933012702 0.258819045 0.250000000
v 0.892399101 0.258819045 0.369643811
v 0.836516304 0.258819045 0.482962913
v 0.766320481 0.258819045 0.588018386
v 0.683012702 0.258819045 0.683012702
v 0.588018386 0.258819045 0.766320481
v 0.482962913 0.258819045 0.836516304
v 0.369643811 0.258819045 0.892399101
v 0.250000000 0.258819045 0.933012702
v 0.126078620 0.258819045 0.957662197
v 0.000000000 0.258819045 0.965925826
v -0.126078620 0.258819045 0.957662197
v -0.250000000 0.258819045 0.933012702
v -0.369643811 0.258819045 0.892399101
v -0.482962913 0.258819045 0.836516304
v -0.588018386 0.258819045 0.766320481
v -0.683012702 0.258819045 0.683012702
v -0.766320481 0.258819045 0.588018386
v -0.836516304 0.258819045 0.482962913
v -0.892399101 0.258819045 0.369643811
v -0.933012702 0.258819045 0.250000000
v -0.957662197 0.258819045 0.126078620
v -0.965925826 0.258819045 0.000000000
v -0.957662197 0.258819045 -0.126078620
v -0.933012702 0.258819045 -0.250000000
v -0.892399101 0.258819045 -0.369643811
v -0.836516304 0.258819045 -0.482962913
v -0.766320481 0.258819045 -0.588018386
v -0.683012702 0.258819045 -0.683012702
v -0.588018386 0.258819045 -0.766320481
v -0.482962913 0.258819045 -0.836516304
v -0.369643811 0.258819045 -0.892399101
v -0.250000000 0.258819045 -0.933012702
v -0.126078620 0.258819045 -0.957662197
v -0.000000000 0.258819045 -0.965925826
v 0.126078620 0.258819045 -0.957662197
v 0.250000000 0.258819045 -0.933012702
v 0.369643811 0.258819045 -0.892399101
v 0.482962913 0.258819045 -0.836516304
v 0.588018386 0.258819045 -0.766320481
v 0.683012702 0.258819045 -0.683012702
v 0.766320481 0.258819045 -0.588018386
v 0.836516304 0.258819045 -0.482962913
v 0.892399101 0.258819045 -0.369643811
v 0.933012702 0.258819045 -0.250000000
v 0.957662197 0.258819045 -0.126078620
v 0.991444861 0.130526192 0.000000000
v 0.982962913 0.130526192 0.129409523
v 0.957662197 0.130526192 0.256604812
v 0.915975615 0.130526192 0.379409523
v 0.858616436 0.130526192 0.495722431
v 0.786566092 0.130526192 0.603553391
v 0.701057385 0.130526192 0.701057385
v 0.603553391 0.130526192 0.786566092
v 0.495722431 0.130526192 0.858616436
v 0.379409523 0.130526192 0.915975615
v 0.256604812 0.130526192 0.957662197
v 0.129409523 0.130526192 0.982962913
v 0.000000000 0.130526192 0.991444861
v -0.129409523 0.130526192 0.982962913
v -0.256604812 0.130526192 0.957662197
v -0.379409523 0.130526192 0.915975615
v -0.495722431 0.130526192 0.858616436
v -0.603553391 0.130526192 0.786566092
v -0.701057385 0.130526192 0.701057385
v -0.786566092 0.130526192 0.603553391
v -0.858616436 0.130526192 0.495722431
v -0.915975615 0.130526192 0.379409523
v -0.957662197 0.130526192 0.256604812
v -0.982962913 0.130526192 0.129409523
v -0.991444861 0.130526192 0.000000000
v -0.982962913 0.130526192 -0.129409523
v -0.957662197 0.130526192 -0.256604812
v -0.915975615 0.130526192 -0.379409523
v -0.858616436 0.130526192 -0.495722431
v -0.786566092 0.130526192 -0.603553391
v -0.701057385 0.130526192 -0.701057385
v -0.603553391 0.130526192 -0.786566092
v -0.495722431 0.130526192 -0.858616436
v -0.379409523 0.130526192 -0.915975615
v -0.256604812 0.130526192 -0.957662197
v -0.129409523 0.130526192 -0.982962913
v -0.000000000 0.130526192 -0.991444861
v 0.129409523 0.130526192 -0.982962913
v 0.256604812 0.130526192 -0.957662197
v 0.379409523 0.130526192 -0.915975615
v 0.495722431 0.130526192 -0.858616436
v 0.603553391 0.130526192 -0.786566092
v 0.701057385 0.130526192 -0.701057385
v 0.786566092 0.130526192 -0.603553391
v 0.858616436 0.130526192 -0.495722431
v 0.915975615 0.130526192 -0.379409523
v 0.957662197 0.130526192 -0.256604812
v 0.982962913 0.130526192 -0.129409523
v 1.000000000 0.000000000 0.000000000
v 0.991444861 0.000000000 0.130526192
v 0.965925826 0.000000000 0.258819045
v 0.923879533 0.000000000 0.382683432
v 0.866025404 0.000000000 0.500000000
v 0.793353340 0.000000000 0.608761429
v 0.707106781 0.000000000 0.707106781
v 0.608761429 0.000000000 0.793353340
v 0.500000000 0.000000000 0.866025404
v 0.382683432 0.000000000 0.923879533
v 0.258819045 0.000000000 0.965925826
v 0.130526192 0.000000000 0.991444861
v 0.000000000 0.000000000 1.000000000
v -0.130526192 0.000000000 0.991444861
v -0.258819045 0.000000000 0.965925826
v -0.382683432 0.000000000 0.923879533
v -0.500000000 0.000000000 0.866025404
v -0.608761429 0.000000000 0.793353340
v -0.707106781 0.000000000 0.707106781
v -0.793353340 0.000000000 0.608761429
v -0.866025404 0.000000000 0.500000000
v -0.923879533 0.000000000 0.382683432
v -0.965925826 0.000000000 0.258819045
v -0.991444861 0.000000000 0.130526192
v -1.000000000 0.000000000 0.000000000
v -0.991444861 0.000000000 -0.130526192
v -0.965925826 0.000000000 -0.258819045
v -0.923879533 0.000000000 -0.382683432
v -0.866025404 0.000000000 -0.500000000
v -0.793353340 0.000000000 -0.608761429
v -0.707106781 0.000000000 -0.707106781
v -0.608761429 0.000000000 -0.793353340
v -0.500000000 0.000000000 -0.866025404
v -0.382683432 0.000000000 -0.923879533
v -0.258819045 0.000000000 -0.965925826
v -0.130526192 0.000000000 -0.991444861
v -0.000000000 0.000000000 -1.000000000
v 0.130526192 0.000000000 -0.991444861
v 0.258819045 0.000000000 -0.965925826
v 0.382683432 0.000000000 -0.923879533
v 0.500000000 0.000000000 -0.866025404
v 0.608761429 0.000000000 -0.793353340
v 0.707106781 0.000000000 -0.707106781
v 0.793353340 0.000000000 -0.608761429
v 0.866025404 0.000000000 -0.500000000
v 0.923879533 0.000000000 -0.382683432
v 0.965925826 0.000000000 -0.258819045
v 0.991444861 0.000000000 -0.130526192
v 0.991444861 -0.130526192 0.000000000
v 0.982962913 -0.130526192 0.129409523
v 0.957662197 -0.130526192 0.256604812
v 0.915975615 -0.130526192 0.379409523
v 0.858616436 -0.130526192 0.495722431
v 0.786566092 -0.130526192 0.603553391
v 0.701057385 -0.130526192 0.701057385
v 0.603553391 -0.130526192 0.786566092
v 0.495722431 -0.130526192 0.858616436
v 0.379409523 -0.130526192 0.915975615
v 0.256604812 -0.130526192 0.957662197
v 0.129409523 -0.130526192 0.982962913
v 0.000000000 -0.130526192 0.991444861
v -0.129409523 -0.130526192 0.982962913
v -0.256604812 -0.130526192 0.957662197
v -0.379409523 -0.130526192 0.915975615
v -0.495722431 -0.130526192 0.858616436
v -0.603553391 -0.130526192 0.786566092
v -0.701057385 -0.130526192 0.701057385
v -0.786566092 -0.130526192 0.603553391
v -0.858616436 -0.130526192 0.495722431
v -0.915975615 -0.130526192 0.379409523
v -0.957662197 -0.130526192 0.256604812
v -0.982962913 -0.130526192 0.129409523
v -0.991444861 -0.130526192 0.000000000
v -0.982962913 -0.130526192 -0.129409523
v -0.957662197 -0.130526192 -0.256604812
v -0.915975615 -0.130526192 -0.379409523
v -0.858616436 -0.130526192 -0.495722431
v -0.786566092 -0.130526192 -0.603553391
v -0.701057385 -0.130526192 -0.701057385
v -0.603553391 -0.130526192 -0.786566092
v -0.495722431 -0.130526192 -0.858616436
v -0.379409523 -0.130526192 -0.915975615
v -0.256604812 -0.130526192 -0.957662197
v -0.129409523 -0.130526192 -0.982962913
v -0.000000000 -0.130526192 -0.991444861
v 0.129409523 -0.130526192 -0.982962913
v 0.256604812 -0.130526192 -0.957662197
v 0.379409523 -0.130526192 -0.915975615
v 0.495722431 -0.130526192 -0.858616436
v 0.603553391 -0.130526192 -0.786566092
v 0.701057385 -0.130526192 -0.701057385
v 0.786566092 -0.130526192 -0.603553391
v 0.858616436 -0.130526192 -0.495722431
v 0.915975615 -0.130526192 -0.379409523
v 0.957662197 -0.130526192 -0.256604812
v 0.982962913 -0.130526192 -0.129409523
v 0.965925826 -0.258819045 0.000000000
v 0.957662197 -0.258819045 0.126078620
v 0.933012702 -0.258819045 0.250000000
v 0.892399101 -0.258819045 0.369643811
v 0.836516304 -0.258819045 0.482962913
v 0.766320481 -0.258819045 0.588018386
v 0.683012702 -0.258819045 0.683012702
v 0.588018386 -0.258819045 0.766320481
v 0.482962913 -0.258819045 0.836516304
v 0.369643811 -0.258819045 0.892399101
v 0.250000000 -0.258819045 0.933012702
v 0.126078620 -0.258819045 0.957662197
v 0.000000000 -0.258819045 0.965925826
v -0.126078620 -0.258819045 0.957662197
v -0.250000000 -0.258819045 0.933012702
v -0.369643811 -0.258819045 0.892399101
v -0.482962913 -0.258819045 0.836516304
v -0.588018386 -0.258819045 0.766320481
v -0.683012702 -0.258819045 0.683012702
v -0.766320481 -0.258819045 0.588018386
v -0.836516304 -0.258819045 0.482962913
v -0.892399101 -0.258819045 0.369643811
v -0.933012702 -0.258819045 0.250000000
v -0.957662197 -0.258819045 0.126078620
v -0.965925826 -0.258819045 0.000000000
v -0.957662197 -0.258819045 -0.126078620
v -0.933012702 -0.258819045 -0.250000000
v -0.892399101 -0.258819045 -0.369643811
v -0.836516304 -0.258819045 -0.482962913
v -0.766320481 -0.258819045 -0.588018386
v -0.683012702 -0.258819045 -0.683012702
v -0.588018386 -0.258819045 -0.766320481
v -0.482962913 -0.258819045 -0.836516304
v -0.369643811 -0.258819045 -0.892399101
v -0.250000000 -0.258819045 -0.933012702
v -0.126078620 -0.258819045 -0.957662197
v -0.000000000 -0.258819045 -0.965925826
v 0.126078620 -0.258819045 -0.957662197
v 0.250000000 -0.258819045 -0.933012702
v 0.369643811 -0.258819045 -0.892399101
v 0.482962913 -0.258819045 -0.836516304
v 0.588018386 -0.258819045 -0.766320481
v 0.683012702 -0.258819045 -0.683012702
v 0.766320481 -0.258819045 -0.588018386
v 0.836516304 -0.258819045 -0.482962913
v 0.892399101 -0.258819045 -0.369643811
v 0.933012702 -0.258819045 -0.250000000
v 0.957662197 -0.258819045 -0.126078620
v 0.923879533 -0.382683432 0.000000000
v 0.915975615 -0.382683432 0.120590477
v 0.892399101 -0.382683432 0.239117618
v 0.853553391 -0.382683432 0.353553391
v 0.800103145 -0.382683432 0.461939766
v 0.732962913 -0.382683432 0.562422224
v 0.653281482 -0.382683432 0.653281482
v 0.562422224 -0.382683432 0.732962913
v 0.461939766 -0.382683432 0.800103145
v 0.353553391 -0.382683432 0.853553391
v 0.239117618 -0.382683432 0.892399101
v 0.120590477 -0.382683432 0.915975615
v 0.000000000 -0.382683432 0.923879533
v -0.120590477 -0.382683432 0.915975615
v -0.239117618 -0.382683432 0.892399101
v -0.353553391 -0.382683432 0.853553391
v -0.461939766 -0.382683432 0.800103145
v -0.562422224 -0.382683432 0.732962913
v -0.653281482 -0.382683432 0.653281482
v -0.732962913 -0.382683432 0.562422224
v -0.800103145 -0.382683432 0.461939766
v -0.853553391 -0.382683432 0.353553391
v -0.892399101 -0.382683432 0.239117618
v -0.915975615 -0.382683432 0.120590477
v -0.923879533 -0.382683432 0.000000000
v -0.915975615 -0.382683432 -0.120590477
v -0.892399101 -0.382683432 -0.239117618
v -0.853553391 -0.382683432 -0.353553391
v -0.800103145 -0.382683432 -0.461939766
v -0.732962913 -0.382683432 -0.562422224
v -0.653281482 -0.382683432 -0.653281482
v -0.562422224 -0.382683432 -0.732962913
v -0.461939766 -0.382683432 -0.800103145
v -0.353553391 -0.382683432 -0.853553391
v -0.239117618 -0.382683432 -0.892399101
v -0.120590477 -0.382683432 -0.915975615
v -0.000000000 -0.382683432 -0.923879533
v 0.120590477 -0.382683432 -0.915975615
v 0.239117618 -0.382683432 -0.892399101
v 0.353553391 -0.382683432 -0.853553391
v 0.461939766 -0.382683432 -0.800103145
v 0.562422224 -0.382683432 -0.732962913
v 0.653281482 -0.382683432 -0.653281482
v 0.732962913 -0.382683432 -0.562422224
v 0.800103145 -0.382683432 -0.461939766
v 0.853553391 -0.382683432 -0.353553391
v 0.892399101 -0.382683432 -0.239117618
v 0.915975615 -0.382683432 -0.120590477
v 0.866025404 -0.500000000 0.000000000
v 0.858616436 -0.500000000 0.113038998
v 0.836516304 -0.500000000 0.224143868
v 0.800103145 -0.500000000 0.331413574
v 0.750000000 -0.500000000 0.433012702
v 0.687064147 -0.500000000 0.527202862
v 0.612372436 -0.500000000 0.612372436
v 0.527202862 -0.500000000 0.687064147
v 0.433012702 -0.500000000 0.750000000
v 0.331413574 -0.500000000 0.800103145
v 0.224143868 -0.500000000 0.836516304
v 0.113038998 -0.500000000 0.858616436
v 0.000000000 -0.500000000 0.866025404
v -0.113038998 -0.500000000 0.858616436
v -0.224143868 -0.500000000 0.836516304
v -0.331413574 -0.500000000 0.800103145
v -0.433012702 -0.500000000 0.750000000
v -0.527202862 -0.500000000 0.687064147
v -0.612372436 -0.500000000 0.612372436
v -0.687064147 -0.500000000 0.527202862
v -0.750000000 -0.500000000 0.433012702
v -0.800103145 -0.500000000 0.331413574
v -0.836516304 -0.500000000 0.224143868
v -0.858616436 -0.500000000 0.113038998
v -0.866025404 -0.500000000 0.000000000
v -0.858616436 -0.500000000 -0.113038998
v -0.836516304 -0.500000000 -0.224143868
v -0.800103145 -0.500000000 -0.331413574
v -0.750000000 -0.500000000 -0.433012702
v -0.687064147 -0.500000000 -0.527202862
v -0.612372436 -0.500000000 -0.612372436
v -0.527202862 -0.500000000 -0.687064147
v -0.433012702 -0.500000000 -0.750000000
v -0.331413574 -0.500000000 -0.800103145
v -0.224143868 -0.500000000 -0.836516304
v -0.113038998 -0.500000000 -0.858616436
v -0.000000000 -0.500000000 -0.866025404
v 0.113038998 -0.500000000 -0.858616436
v 0.224143868 -0.500000000 -0.836516304
v 0.331413574 -0.500000000 -0.800103145
v 0.433012702 -0.500000000 -0.750000000
v 0.527202862 -0.500000000 -0.687064147
v 0.612372436 -0.500000000 -0.612372436
v 0.687064147 -0.500000000 -0.527202862
v 0.750000000 -0.500000000 -0.433012702
v 0.800103145 -0.500000000 -0.331413574
v 0.836516304 -0.500000000 -0.224143868
v 0.858616436 -0.500000000 -0.113038998
v 0.793353340 -0.608761429 0.000000000
v 0.786566092 -0.608761429 0.103553391
v 0.766320481 -0.608761429 0.205334954
v 0.732962913 -0.608761429 0.303603179
v 0.687064147 -0.608761429 0.396676670
v 0.629409523 -0.608761429 0.482962913
v 0.560985527 -0.608761429 0.560985527
v 0.482962913 -0.608761429 0.629409523
v 0.396676670 -0.608761429 0.687064147
v 0.303603179 -0.608761429 0.732962913
v 0.205334954 -0.608761429 0.766320481
v 0.103553391 -0.608761429 0.786566092
v 0.000000000 -0.608761429 0.793353340
v -0.103553391 -0.608761429 0.786566092
v -0.205334954 -0.608761429 0.766320481
v -0.303603179 -0.608761429 0.732962913
v -0.396676670 -0.608761429 0.687064147
v -0.482962913 -0.608761429 0.629409523
v -0.560985527 -0.608761429 0.560985527
v -0.629409523 -0.608761429 0.482962913
v -0.687064147 -0.608761429 0.396676670
v -0.732962913 -0.608761429 0.303603179
v -0.766320481 -0.608761429 0.205334954
v -0.786566092 -0.608761429 0.103553391
v -0.793353340 -0.608761429 0.000000000
v -0.786566092 -0.608761429 -0.103553391
v -0.766320481 -0.608761429 -0.205334954
v -0.732962913 -0.608761429 -0.303603179
v -0.687064147 -0.608761429 -0.396676670
v -0.629409523 -0.608761429 -0.482962913
v -0.560985527 -0.608761429 -0.560985527
v -0.482962913 -0.608761429 -0.629409523
v -0.396676670 -0.608761429 -0.687064147
v -0.303603179 -0.608761429 -0.732962913
v -0.205334954 -0.608761429 -0.766320481
v -0.103553391 -0.608761429 -0.786566092
v -0.000000000 -0.608761429 -0.793353340
v 0.103553391 -0.608761429 -0.786566092
v 0.205334954 -0.608761429 -0.766320481
v 0.303603179 -0.608761429 -0.732962913
v 0.396676670 -0.608761429 -0.687064147
v 0.482962913 -0.608761429 -0.629409523
v 0.560985527 -0.608761429 -0.560985527
v 0.629409523 -0.608761429 -0.482962913
v 0.687064147 -0.608761429 -0.396676670
v 0.732962913 -0.608761429 -0.303603179
v 0.766320481 -0.608761429 -0.205334954
v 0.786566092 -0.608761429 -0.103553391
v 0.707106781 -0.707106781 0.000000000
v 0.701057385 -0.707106781 0.092295956
v 0.683012702 -0.707106781 0.183012702
v 0.653281482 -0.707106781 0.270598050
v 0.612372436 -0.707106781 0.353553391
v 0.560985527 -0.707106781 0.430459335
v 0.500000000 -0.707106781 0.500000000
v 0.430459335 -0.707106781 0.560985527
v 0.353553391 -0.707106781 0.612372436
v 0.270598050 -0.707106781 0.653281482
v 0.183012702 -0.707106781 0.683012702
v 0.092295956 -0.707106781 0.701057385
v 0.000000000 -0.707106781 0.707106781
v -0.092295956 -0.707106781 0.701057385
v -0.183012702 -0.707106781 0.683012702
v -0.270598050 -0.707106781 0.653281482
v -0.353553391 -0.707106781 0.612372436
v -0.430459335 -0.707106781 0.560985527
v -0.500000000 -0.707106781 0.500000000
v -0.560985527 -0.707106781 0.430459335
v -0.612372436 -0.707106781 0.353553391
v -0.653281482 -0.707106781 0.270598050
v -0.683012702 -0.707106781 0.183012702
v -0.701057385 -0.707106781 0.092295956
v -0.707106781 -0.707106781 0.000000000
v -0.701057385 -0.707106781 -0.092295956
v -0.683012702 -0.707106781 -0.183012702
v -0.653281482 -0.707106781 -0.270598050
v -0.612372436 -0.707106781 -0.353553391
v -0.560985527 -0.707106781 -0.430459335
v -0.500000000 -0.707106781 -0.500000000
v -0.430459335 -0.707106781 -0.560985527
v -0.353553391 -0.707106781 -0.612372436
v -0.270598050 -0.707106781 -0.653281482
v -0.183012702 -0.707106781 -0.683012702
v -0.092295956 -0.707106781 -0.701057385
v -0.000000000 -0.707106781 -0.707106781
v 0.092295956 -0.707106781 -0.701057385
v 0.183012702 -0.707106781 -0.683012702
v 0.270598050 -0.707106781 -0.653281482
v 0.353553391 -0.707106781 -0.612372436
v 0.430459335 -0.707106781 -0.560985527
v 0.500000000 -0.707106781 -0.500000000
v 0.560985527 -0.707106781 -0.430459335
v 0.612372436 -0.707106781 -0.353553391
v 0.653281482 -0.707106781 -0.270598050
v 0.683012702 -0.707106781 -0.183012702
v 0.701057385 -0.707106781 -0.092295956
v 0.608761429 -0.793353340 0.000000000
v 0.603553391 -0.793353340 0.079459311
v 0.588018386 -0.793353340 0.157559052
v 0.562422224 -0.793353340 0.232962913
v 0.527202862 -0.793353340 0.304380715
v 0.482962913 -0.793353340 0.370590477
v 0.430459335 -0.793353340 0.430459335
v 0.370590477 -0.793353340 0.482962913
v 0.304380715 -0.793353340 0.527202862
v 0.232962913 -0.793353340 0.562422224
v 0.157559052 -0.793353340 0.588018386
v 0.079459311 -0.793353340 0.603553391
v 0.000000000 -0.793353340 0.608761429
v -0.079459311 -0.793353340 0.603553391
v -0.157559052 -0.793353340 0.588018386
v -0.232962913 -0.793353340 0.562422224
v -0.304380715 -0.793353340 0.527202862
v -0.370590477 -0.793353340 0.482962913
v -0.430459335 -0.793353340 0.430459335
v -0.482962913 -0.793353340 0.370590477
v -0.527202862 -0.793353340 0.304380715
v -0.562422224 -0.793353340 0.232962913
v -0.588018386 -0.793353340 0.157559052
v -0.603553391 -0.793353340 0.079459311
v -0.608761429 -0.793353340 0.000000000
v -0.603553391 -0.793353340 -0.079459311
v -0.588018386 -0.793353340 -0.157559052
v -0.562422224 -0.793353340 -0.232962913
v -0.527202862 -0.793353340 -0.304380715
v -0.482962913 -0.793353340 -0.370590477
v -0.430459335 -0.793353340 -0.430459335
v -0.370590477 -0.793353340 -0.482962913
v -0.304380715 -0.793353340 -0.527202862
v -0.232962913 -0.793353340 -0.562422224
v -0.157559052 -0.793353340 -0.588018386
v -0.079459311 -0.793353340 -0.603553391
v -0.000000000 -0.793353340 -0.608761429
v 0.079459311 -0.793353340 -0.603553391
v 0.157559052 -0.793353340 -0.588018386
v 0.232962913 -0.793353340 -0.562422224
v 0.304380715 -0.793353340 -0.527202862
v 0.370590477 -0.793353340 -0.482962913
v 0.430459335 -0.793353340 -0.430459335
v 0.482962913 -0.793353340 -0.370590477
v 0.527202862 -0.793353340 -0.304380715
v 0.562422224 -0.793353340 -0.232962913
v 0.588018386 -0.793353340 -0.157559052
v 0.603553391 -0.793353340 -0.079459311
v 0.500000000 -0.866025404 0.000000000
v 0.495722431 -0.866025404 0.065263096
v 0.482962913 -0.866025404 0.129409523
v 0.461939766 -0.866025404 0.191341716
v 0.433012702 -0.866025404 0.250000000
v 0.396676670 -0.866025404 0.304380715
v 0.353553391 -0.866025404 0.353553391
v 0.304380715 -0.866025404 0.396676670
v 0.250000000 -0.866025404 0.433012702
v 0.191341716 -0.866025404 0.461939766
v 0.129409523 -0.866025404 0.482962913
v 0.065263096 -0.866025404 0.495722431
v 0.000000000 -0.866025404 0.500000000
v -0.065263096 -0.866025404 0.495722431
v -0.129409523 -0.866025404 0.482962913
v -0.191341716 -0.866025404 0.461939766
v -0.250000000 -0.866025404 0.433012702
v -0.304380715 -0.866025404 0.396676670
v -0.353553391 -0.866025404 0.353553391
v -0.396676670 -0.866025404 0.304380715
v -0.433012702 -0.866025404 0.250000000
v -0.461939766 -0.866025404 0.191341716
v -0.482962913 -0.866025404 0.129409523
v -0.495722431 -0.866025404 0.065263096
v -0.500000000 -0.866025404 0.000000000
v -0.495722431 -0.866025404 -0.065263096
v -0.482962913 -0.866025404 -0.129409523
v -0.461939766 -0.866025404 -0.191341716
v -0.433012702 -0.866025404 -0.250000000
v -0.396676670 -0.866025404 -0.304380715
v -0.353553391 -0.866025404 -0.353553391
v -0.304380715 -0.866025404 -0.396676670
v -0.250000000 -0.866025404 -0.433012702
v -0.191341716 -0.866025404 -0.461939766
v -0.129409523 -0.866025404 -0.482962913
v -0.065263096 -0.866025404 -0.495722431
v -0.000000000 -0.866025404 -0.500000000
v 0.065263096 -0.866025404 -0.495722431
v 0.129409523 -0.866025404 -0.482962913
v 0.191341716 -0.866025404 -0.461939766
v 0.250000000 -0.866025404 -0.433012702
v 0.304380715 -0.866025404 -0.396676670
v 0.353553391 -0.866025404 -0.353553391
v 0.396676670 -0.866025404 -0.304380715
v 0.433012702 -0.866025404 -0.250000000
v 0.461939766 -0.866025404 -0.191341716
v 0.482962913 -0.866025404 -0.129409523
v 0.495722431 -0.866025404 -0.065263096
v 0.382683432 -0.923879533 0.000000000
v 0.379409523 -0.923879533 0.049950211
v 0.369643811 -0.923879533 0.099045761
v 0.353553391 -0.923879533 0.146446609
v 0.331413574 -0.923879533 0.191341716
v 0.303603179 -0.923879533 0.232962913
v 0.270598050 -0.923879533 0.270598050
v 0.232962913 -0.923879533 0.303603179
v 0.191341716 -0.923879533 0.331413574
v 0.146446609 -0.923879533 0.353553391
v 0.099045761 -0.923879533 0.369643811
v 0.049950211 -0.923879533 0.379409523
v 0.000000000 -0.923879533 0.382683432
v -0.049950211 -0.923879533 0.379409523
v -0.099045761 -0.923879533 0.369643811
v -0.146446609 -0.923879533 0.353553391
v -0.191341716 -0.923879533 0.331413574
v -0.232962913 -0.923879533 0.303603179
v -0.270598050 -0.923879533 0.270598050
v -0.303603179 -0.923879533 0.232962913
v -0.331413574 -0.923879533 0.191341716
v -0.353553391 -0.923879533 0.146446609
v -0.369643811 -0.923879533 0.099045761
v -0.379409523 -0.923879533 0.049950211
v -0.382683432 -0.923879533 0.000000000
v -0.379409523 -0.923879533 -0.049950211
v -0.369643811 -0.923879533 -0.099045761
v -0.353553391 -0.923879533 -0.146446609
v -0.331413574 -0.923879533 -0.191341716
v -0.303603179 -0.923879533 -0.232962913
v -0.270598050 -0.923879533 -0.270598050
v -0.232962913 -0.923879533 -0.303603179
v -0.191341716 -0.923879533 -0.331413574
v -0.146446609 -0.923879533 -0.353553391
v -0.099045761 -0.923879533 -0.369643811
v -0.049950211 -0.923879533 -0.379409523
v -0.000000000 -0.923879533 -0.382683432
v 0.049950211 -0.923879533 -0.379409523
v 0.099045761 -0.923879533 -0.369643811
v 0.146446609 -0.923879533 -0.353553391
v 0.191341716 -0.923879533 -0.331413574
v 0.232962913 -0.923879533 -0.303603179
v 0.270598050 -0.923879533 -0.270598050
v 0.303603179 -0.923879533 -0.232962913
v 0.331413574 -0.923879533 -0.191341716
v 0.353553391 -0.923879533 -0.146446609
v 0.369643811 -0.923879533 -0.099045761
v 0.379409523 -0.923879533 -0.049950211
v 0.258819045 -0.965925826 0.000000000
v 0.256604812 -0.965925826 0.033782664
v 0.250000000 -0.965925826 0.066987298
v 0.239117618 -0.965925826 0.099045761
v 0.224143868 -0.965925826 0.129409523
v 0.205334954 -0.965925826 0.157559052
v 0.183012702 -0.965925826 0.183012702
v 0.157559052 -0.965925826 0.205334954
v 0.129409523 -0.965925826 0.224143868
v 0.099045761 -0.965925826 0.239117618
v 0.066987298 -0.965925826 0.250000000
v 0.033782664 -0.965925826 0.256604812
v 0.000000000 -0.965925826 0.258819045
v -0.033782664 -0.965925826 0.256604812
v -0.066987298 -0.965925826 0.250000000
v -0.099045761 -0.965925826 0.239117618
v -0.129409523 -0.965925826 0.224143868
v -0.157559052 -0.965925826 0.205334954
v -0.183012702 -0.965925826 0.183012702
v -0.205334954 -0.965925826 0.157559052
v -0.224143868 -0.965925826 0.129409523
v -0.239117618 -0.965925826 0.099045761
v -0.250000000 -0.965925826 0.066987298
v -0.256604812 -0.965925826 0.033782664
v -0.258819045 -0.965925826 0.000000000
v -0.256604812 -0.965925826 -0.033782664
v -0.250000000 -0.965925826 -0.066987298
v -0.239117618 -0.965925826 -0.099045761
v -0.224143868 -0.965925826 -0.129409523
v -0.205334954 -0.965925826 -0.157559052
v -0.183012702 -0.965925826 -0.183012702
v -0.157559052 -0.965925826 -0.205334954
v -0.129409523 -0.965925826 -0.224143868
v -0.099045761 -0.965925826 -0.239117618
v -0.066987298 -0.965925826 -0.250000000
v -0.033782664 -0.965925826 -0.256604812
v -0.000000000 -0.965925826 -0.258819045
v 0.033782664 -0.965925826 -0.256604812
v 0.066987298 -0.965925826 -0.250000000
v 0.099045761 -0.965925826 -0.239117618
v 0.129409523 -0.965925826 -0.224143868
v 0.157559052 -0.965925826 -0.205334954
v 0.183012702 -0.965925826 -0.183012702
v 0.205334954 -0.965925826 -0.157559052
v 0.224143868 -0.965925826 -0.129409523
v 0.239117618 -0.965925826 -0.099045761
v 0.250000000 -0.965925826 -0.066987298
v 0.256604812 -0.965925826 -0.033782664
v 0.130526192 -0.991444861 0.000000000
v 0.129409523 -0.991444861 0.017037087
v 0.126078620 -0.991444861 0.033782664
v 0.120590477 -0.991444861 0.049950211
v 0.113038998 -0.991444861 0.065263096
v 0.103553391 -0.991444861 0.079459311
v 0.092295956 -0.991444861 0.092295956
v 0.079459311 -0.991444861 0.103553391
v 0.065263096 -0.991444861 0.113038998
v 0.049950211 -0.991444861 0.120590477
v 0.033782664 -0.991444861 0.126078620
v 0.017037087 -0.991444861 0.129409523
v 0.000000000 -0.991444861 0.130526192
v -0.017037087 -0.991444861 0.129409523
v -0.033782664 -0.991444861 0.126078620
v -0.049950211 -0.991444861 0.120590477
v -0.065263096 -0.991444861 0.113038998
v -0.079459311 -0.991444861 0.103553391
v -0.092295956 -0.991444861 0.092295956
v -0.103553391 -0.991444861 0.079459311
v -0.113038998 -0.991444861 0.065263096
v -0.120590477 -0.991444861 0.049950211
v -0.126078620 -0.991444861 0.033782664
v -0.129409523 -0.991444861 0.017037087
v -0.130526192 -0.991444861 0.000000000
v -0.129409523 -0.991444861 -0.017037087
v -0.126078620 -0.991444861 -0.033782664
v -0.120590477 -0.991444861 -0.049950211
v -0.113038998 -0.991444861 -0.065263096
v -0.103553391 -0.991444861 -0.079459311
v -0.092295956 -0.991444861 -0.092295956
v -0.079459311 -0.991444861 -0.103553391
v -0.065263096 -0.991444861 -0.113038998
v -0.049950211 -0.991444861 -0.120590477
v -0.033782664 -0.991444861 -0.126078620
v -0.017037087 -0.991444861 -0.129409523
v -0.000000000 -0.991444861 -0.130526192
v 0.017037087 -0.991444861 -0.129409523
v 0.033782664 -0.991444861 -0.126078620
v 0.049950211 -0.991444861 -0.120590477
v 0.065263096 -0.991444861 -0.113038998
v 0.079459311 -0.991444861 -0.103553391
v 0.092295956 -0.991444861 -0.092295956
v 0.103553391 -0.991444861 -0.079459311
v 0.113038998 -0.991444861 -0.065263096
v 0.120590477 -0.991444861 -0.049950211
v 0.126078620 -0.991444861 -0.033782664
v 0.129409523 -0.991444861 -0.017037087
v 0.000000000 -1.000000000 0.000000000
vn 0.000000000 1.000000000 0.000000000
vn 0.130526192 0.991444861 0.000000000
vn 0.129409523 0.991444861 0.017037087
vn 0.126078620 0.991444861 0.033782664
vn 0.120590477 0.991444861 0.049950211
vn 0.113038998 0.991444861 0.065263096
vn 0.103553391 0.991444861 0.079459311
vn 0.092295956 0.991444861 0.092295956
vn 0.079459311 0.991444861 0.103553391
vn 0.065263096 0.991444861 0.113038998
vn 0.049950211 0.991444861 0.120590477
vn 0.033782664 0.991444861 0.126078620
vn 0.017037087 0.991444861 0.129409523
vn 0.000000000 0.991444861 0.130526192
vn -0.017037087 0.991444861 0.129409523
vn -0.033782664 0.991444861 0.126078620
vn -0.049950211 0.991444861 0.120590477
vn -0.065263096 0.991444861 0.113038998
vn -0.079459311 0.991444861 0.103553391
vn -0.092295956 0.991444861 0.092295956
vn -0.103553391 0.991444861 0.079459311
vn -0.113038998 0.991444861 0.065263096
vn -0.120590477 0.991444861 0.049950211
vn -0.126078620 0.991444861 0.033782664
vn -0.129409523 0.991444861 0.017037087
vn -0.130526192 0.991444861 0.000000000
vn -0.129409523 0.991444861 -0.017037087
vn -0.126078620 0.991444861 -0.033782664
vn -0.120590477 0.991444861 -0.049950211
vn -0.113038998 0.991444861 -0.065263096
vn -0.103553391 0.991444861 -0.079459311
vn -0.092295956 0.991444861 -0.092295956
vn -0.079459311 0.991444861 -0.103553391
vn -0.065263096 0.991444861 -0.113038998
vn -0.049950211 0.991444861 -0.120590477
vn -0.033782664 0.991444861 -0.126078620
vn -0.017037087 0.991444861 -0.129409523
vn -0.000000000 0.991444861 -0.130526192
vn 0.017037087 0.991444861 -0.129409523
vn 0.033782664 0.991444861 -0.126078620
vn 0.049950211 0.991444861 -0.120590477
vn 0.065263096 0.991444861 -0.113038998
vn 0.079459311 0.991444861 -0.103553391
vn 0.092295956 0.991444861 -0.092295956
vn 0.103553391 0.991444861 -0.079459311
vn 0.113038998 0.991444861 -0.065263096
vn 0.120590477 0.991444861 -0.049950211
vn 0.126078620 0.991444861 -0.033782664
vn 0.129409523 0.991444861 -0.017037087
vn 0.258819045 0.965925826 0.000000000
vn 0.256604812 0.965925826 0.033782664
vn 0.250000000 0.965925826 0.066987298
vn 0.239117618 0.965925826 0.099045761
vn 0.224143868 0.965925826 0.129409523
vn 0.205334954 0.965925826 0.157559052
vn 0.183012702 0.965925826 0.183012702
vn 0.157559052 0.965925826 0.205334954
vn 0.129409523 0.965925826 0.224143868
vn 0.099045761 0.965925826 0.239117618
vn 0.066987298 0.965925826 0.250000000
vn 0.033782664 0.965925826 0.256604812
vn 0.000000000 0.965925826 0.258819045
vn -0.033782664 0.965925826 0.256604812
vn -0.066987298 0.965925826 0.250000000
vn -0.099045761 0.965925826 0.239117618
vn -0.129409523 0.965925826 0.224143868
vn -0.157559052 0.965925826 0.205334954
vn -0.183012702 0.965925826 0.183012702
vn -0.205334954 0.965925826 0.157559052
vn -0.224143868 0.965925826 0.129409523
vn -0.239117618 0.965925826 0.099045761
vn -0.250000000 0.965925826 0.066987298
vn -0.256604812 0.965925826 0.033782664
vn -0.258819045 0.965925826 0.000000000
vn -0.256604812 0.965925826 -0.033782664
vn -0.250000000 0.965925826 -0.066987298
vn -0.239117618 0.965925826 -0.099045761
vn -0.224143868 0.965925826 -0.129409523
vn -0.205334954 0.965925826 -0.157559052
vn -0.183012702 0.965925826 -0.183012702
vn -0.157559052 0.965925826 -0.205334954
vn -0.129409523 0.965925826 -0.224143868
vn -0.099045761 0.965925826 -0.239117618
vn -0.066987298 0.965925826 -0.250000000
vn -0.033782664 0.965925826 -0.256604812
vn -0.000000000 0.965925826 -0.258819045
vn 0.033782664 0.965925826 -0.256604812
vn 0.066987298 0.965925826 -0.250000000
vn 0.099045761 0.965925826 -0.239117618
vn 0.129409523 0.965925826 -0.224143868
vn 0.157559052 0.965925826 -0.205334954
vn 0.183012702 0.965925826 -0.183012702
vn 0.205334954 0.965925826 -0.157559052
vn 0.224143868 0.965925826 -0.129409523
vn 0.239117618 0.965925826 -0.099045761
vn 0.250000000 0.965925826 -0.066987298
vn 0.256604812 0.965925826 -0.033782664
vn 0.382683432 0.923879533 0.000000000
vn 0.379409523 0.923879533 0.049950211
vn 0.369643811 0.923879533 0.099045761
vn 0.353553391 0.923879533 0.146446609
vn 0.331413574 0.923879533 0.191341716
vn 0.303603179 0.923879533 0.232962913
vn 0.270598050 0.923879533 0.270598050
vn 0.232962913 0.923879533 0.303603179
vn 0.191341716 0.923879533 0.331413574
vn 0.146446609 0.923879533 0.353553391
vn 0.099045761 0.923879533 0.369643811
vn 0.049950211 0.923879533 0.379409523
vn 0.000000000 0.923879533 0.382683432
vn -0.049950211 0.923879533 0.379409523
vn -0.099045761 0.923879533 0.369643811
vn -0.146446609 0.923879533 0.353553391
vn -0.191341716 0.923879533 0.331413574
vn -0.232962913 0.923879533 0.303603179
vn -0.270598050 0.923879533 0.270598050
vn -0.303603179 0.923879533 0.232962913
vn -0.331413574 0.923879533 0.191341716
vn -0.353553391 0.923879533 0.146446609
vn -0.369643811 0.923879533 0.099045761
vn -0.379409523 0.923879533 0.049950211
vn -0.382683432 0.923879533 0.000000000
vn -0.379409523 0.923879533 -0.049950211
vn -0.369643811 0.923879533 -0.099045761
vn -0.353553391 0.923879533 -0.146446609
vn -0.331413574 0.923879533 -0.191341716
vn -0.303603179 0.923879533 -0.232962913
vn -0.270598050 0.923879533 -0.270598050
vn -0.232962913 0.923879533 -0.303603179
vn -0.191341716 0.923879533 -0.331413574
vn -0.146446609 0.923879533 -0.353553391
vn -0.099045761 0.923879533 -0.369643811
vn -0.049950211 0.923879533 -0.379409523
vn -0.000000000 0.923879533 -0.382683432
vn 0.049950211 0.923879533 -0.379409523
vn 0.099045761 0.923879533 -0.369643811
vn 0.146446609 0.923879533 -0.353553391
vn 0.191341716 0.923879533 -0.331413574
vn 0.232962913 0.923879533 -0.303603179
vn 0.270598050 0.923879533 -0.270598050
vn 0.303603179 0.923879533 -0.232962913
vn 0.331413574 0.923879533 -0.191341716
vn 0.353553391 0.923879533 -0.146446609
vn 0.369643811 0.923879533 -0.099045761
vn 0.379409523 0.923879533 -0.049950211
vn 0.500000000 0.866025404 0.000000000
vn 0.495722431 0.866025404 0.065263096
vn 0.482962913 0.866025404 0.129409523
vn 0.461939766 0.866025404 0.191341716
vn 0.433012702 0.866025404 0.250000000
vn 0.396676670 0.866025404 0.304380715
vn 0.353553391 0.866025404 0.353553391
vn 0.304380715 0.866025404 0.396676670
vn 0.250000000 0.866025404 0.433012702
vn 0.191341716 0.866025404 0.461939766
vn 0.129409523 0.866025404 0.482962913
vn 0.065263096 0.866025404 0.495722431
vn 0.000000000 0.866025404 0.500000000
vn -0.065263096 0.866025404 0.495722431
vn -0.129409523 0.866025404 0.482962913
vn -0.191341716 0.866025404 0.461939766
vn -0.250000000 0.866025404 0.433012702
vn -0.304380715 0.866025404 0.396676670
vn -0.353553391 0.866025404 0.353553391
vn -0.396676670 0.866025404 0.304380715
vn -0.433012702 0.866025404 0.250000000
vn -0.461939766 0.866025404 0.191341716
vn -0.482962913 0.866025404 0.129409523
vn -0.495722431 0.866025404 0.065263096
vn -0.500000000 0.866025404 0.000000000
vn -0.495722431 0.866025404 -0.065263096
vn -0.482962913 0.866025404 -0.129409523
vn -0.461939766 0.866025404 -0.191341716
vn -0.433012702 0.866025404 -0.250000000
vn -0.396676670 0.866025404 -0.304380715
vn -0.353553391 0.866025404 -0.353553391
vn -0.304380715 0.866025404 -0.396676670
vn -0.250000000 0.866025404 -0.433012702
vn -0.191341716 0.866025404 -0.461939766
vn -0.129409523 0.866025404 -0.482962913
vn -0.065263096 0.866025404 -0.495722431
vn -0.000000000 0.866025404 -0.500000000
vn 0.065263096 0.866025404 -0.495722431
vn 0.129409523 0.866025404 -0.482962913
vn 0.191341716 0.866025404 -0.461939766
vn 0.250000000 0.866025404 -0.433012702
vn 0.304380715 0.866025404 -0.396676670
vn 0.353553391 0.866025404 -0.353553391
vn 0.396676670 0.866025404 -0.304380715
vn 0.433012702 0.866025404 -0.250000000
vn 0.461939766 0.866025404 -0.191341716
vn 0.482962913 0.866025404 -0.129409523
vn 0.495722431 0.866025404 -0.065263096
vn 0.608761429 0.793353340 0.000000000
vn 0.603553391 0.793353340 0.079459311
vn 0.588018386 0.793353340 0.157559052
vn 0.562422224 0.793353340 0.232962913
vn 0.527202862 0.793353340 0.304380715
vn 0.482962913 0.793353340 0.370590477
vn 0.430459335 0.793353340 0.430459335
vn 0.370590477 0.793353340 0.482962913
vn 0.304380715 0.793353340 0.527202862
vn 0.232962913 0.793353340 0.562422224
vn 0.157559052 0.793353340 0.588018386
vn 0.079459311 0.793353340 0.603553391
vn 0.000000000 0.793353340 0.608761429
vn -0.079459311 0.793353340 0.603553391
vn -0.157559052 0.793353340 0.588018386
vn -0.232962913 0.793353340 0.562422224
vn -0.304380715 0.793353340 0.527202862
vn -0.370590477 0.793353340 0.482962913
vn -0.430459335 0.793353340 0.430459335
vn -0.482962913 0.793353340 0.370590477
vn -0.527202862 0.793353340 0.304380715
vn -0.562422224 0.793353340 0.232962913
vn -0.588018386 0.793353340 0.157559052
vn -0.603553391 0.793353340 0.079459311
vn -0.608761429 0.793353340 0.000000000
vn -0.603553391 0.793353340 -0.079459311
vn -0.588018386 0.793353340 -0.157559052
vn -0.562422224 0.793353340 -0.232962913
vn -0.527202862 0.793353340 -0.304380715
vn -0.482962913 0.793353340 -0.370590477
vn -0.430459335 0.793353340 -0.430459335
vn -0.370590477 0.793353340 -0.482962913
vn -0.304380715 0.793353340 -0.527202862
vn -0.232962913 0.793353340 -0.562422224
vn -0.157559052 0.793353340 -0.588018386
vn -0.079459311 0.793353340 -0.603553391
vn -0.000000000 0.793353340 -0.608761429
vn 0.079459311 0.793353340 -0.603553391
vn 0.157559052 0.793353340 -0.588018386
vn 0.232962913 0.793353340 -0.562422224
vn 0.304380715 0.793353340 -0.527202862
vn 0.370590477 0.793353340 -0.482962913
vn 0.430459335 0.793353340 -0.430459335
vn 0.482962913 0.793353340 -0.370590477
vn 0.527202862 0.793353340 -0.304380715
vn 0.562422224 0.793353340 -0.232962913
vn 0.588018386 0.793353340 -0.157559052
vn 0.603553391 0.793353340 -0.079459311
vn 0.707106781 0.707106781 0.000000000
vn 0.701057385 0.707106781 0.092295956
vn 0.683012702 0.707106781 0.183012702
vn 0.653281482 0.707106781 0.270598050
vn 0.612372436 0.707106781 0.353553391
vn 0.560985527 0.707106781 0.430459335
vn 0.500000000 0.707106781 0.500000000
vn 0.430459335 0.707106781 0.560985527
vn 0.353553391 0.707106781 0.612372436
vn 0.270598050 0.707106781 0.653281482
vn 0.183012702 0.707106781 0.683012702
vn 0.092295956 0.707106781 0.701057385
vn 0.000000000 0.707106781 0.707106781
vn -0.092295956 0.707106781 0.701057385
vn -0.183012702 0.707106781 0.683012702
vn -0.270598050 0.707106781 0.653281482
vn -0.353553391 0.707106781 0.612372436
vn -0.430459335 0.707106781 0.560985527
vn -0.500000000 0.707106781 0.500000000
vn -0.560985527 0.707106781 0.430459335
vn -0.612372436 0.707106781 0.353553391
vn -0.653281482 0.707106781 0.270598050
vn -0.683012702 0.707106781 0.183012702
vn -0.701057385 0.707106781 0.092295956
vn -0.707106781 0.707106781 0.000000000
vn -0.701057385 0.707106781 -0.092295956
vn -0.683012702 0.707106781 -0.183012702
vn -0.653281482 0.707106781 -0.270598050
vn -0.612372436 0.707106781 -0.353553391
vn -0.560985527 0.707106781 -0.430459335
vn -0.500000000 0.707106781 -0.500000000
vn -0.430459335 0.707106781 -0.560985527
vn -0.353553391 0.707106781 -0.612372436
vn -0.270598050 0.707106781 -0.653281482
vn -0.183012702 0.707106781 -0.683012702
vn -0.092295956 0.707106781 -0.701057385
vn -0.000000000 0.707106781 -0.707106781
vn 0.092295956 0.707106781 -0.701057385
vn 0.183012702 0.707106781 -0.683012702
vn 0.270598050 0.707106781 -0.653281482
vn 0.353553391 0.707106781 -0.612372436
vn 0.430459335 0.707106781 -0.560985527
vn 0.500000000 0.707106781 -0.500000000
vn 0.560985527 0.707106781 -0.430459335
vn 0.612372436 0.707106781 -0.353553391
vn 0.653281482 0.707106781 -0.270598050
vn 0.683012702 0.707106781 -0.183012702
vn 0.701057385 0.707106781 -0.092295956
vn 0.793353340 0.608761429 0.000000000
vn 0.786566092 0.608761429 0.103553391
vn 0.766320481 0.608761429 0.205334954
vn 0.732962913 0.608761429 0.303603179
vn 0.687064147 0.608761429 0.396676670
vn 0.629409523 0.608761429 0.482962913
vn 0.560985527 0.608761429 0.560985527
vn 0.482962913 0.608761429 0.629409523
vn 0.396676670 0.608761429 0.687064147
vn 0.303603179 0.608761429 0.732962913
vn 0.205334954 0.608761429 0.766320481
vn 0.103553391 0.608761429 0.786566092
vn 0.000000000 0.608761429 0.793353340
vn -0.103553391 0.608761429 0.786566092
vn -0.205334954 0.608761429 0.766320481
vn -0.303603179 0.608761429 0.732962913
vn -0.396676670 0.608761429 0.687064147
vn -0.482962913 0.608761429 0.629409523
vn -0.560985527 0.608761429 0.560985527
vn -0.629409523 0.608761429 0.482962913
vn -0.687064147 0.608761429 0.396676670
vn -0.732962913 0.608761429 0.303603179
vn -0.766320481 0.608761429 0.205334954
vn -0.786566092 0.608761429 0.103553391
vn -0.793353340 0.608761429 0.000000000
vn -0.786566092 0.608761429 -0.103553391
vn -0.766320481 0.608761429 -0.205334954
vn -0.732962913 0.608761429 -0.303603179
vn -0.687064147 0.608761429 -0.396676670
vn -0.629409523 0.608761429 -0.482962913
vn -0.560985527 0.608761429 -0.560985527
vn -0.482962913 0.608761429 -0.629409523
vn -0.396676670 0.608761429 -0.687064147
vn -0.303603179 0.608761429 -0.732962913
vn -0.205334954 0.608761429 -0.766320481
vn -0.103553391 0.608761429 -0.786566092
vn -0.000000000 0.608761429 -0.793353340
vn 0.103553391 0.608761429 -0.786566092
vn 0.205334954 0.608761429 -0.766320481
vn 0.303603179 0.608761429 -0.732962913
vn 0.396676670 0.608761429 -0.687064147
vn 0.482962913 0.608761429 -0.629409523
vn 0.560985527 0.608761429 -0.560985527
vn 0.629409523 0.608761429 -0.482962913
vn 0.687064147 0.608761429 -0.396676670
vn 0.732962913 0.608761429 -0.303603179
vn 0.766320481 0.608761429 -0.205334954
vn 0.786566092 0.608761429 -0.103553391
vn 0.866025404 0.500000000 0.000000000
vn 0.858616436 0.500000000 0.113038998
vn 0.836516304 0.500000000 0.224143868
vn 0.800103145 0.500000000 0.331413574
vn 0.750000000 0.500000000 0.433012702
vn 0.687064147 0.500000000 0.527202862
vn 0.612372436 0.500000000 0.612372436
vn 0.527202862 0.500000000 0.687064147
vn 0.433012702 0.500000000 0.750000000
vn 0.331413574 0.500000000 0.800103145
vn 0.224143868 0.500000000 0.836516304
vn 0.113038998 0.500000000 0.858616436
vn 0.000000000 0.500000000 0.866025404
vn -0.113038998 0.500000000 0.858616436
vn -0.224143868 0.500000000 0.836516304
vn -0.331413574 0.500000000 0.800103145
vn -0.433012702 0.500000000 0.750000000
vn -0.527202862 0.500000000 0.687064147
vn -0.612372436 0.500000000 0.612372436
vn -0.687064147 0.500000000 0.527202862
vn -0.750000000 0.500000000 0.433012702
vn -0.800103145 0.500000000 0.331413574
vn -0.836516304 0.500000000 0.224143868
vn -0.858616436 0.500000000 0.113038998
vn -0.866025404 0.500000000 0.000000000
vn -0.858616436 0.500000000 -0.113038998
vn -0.836516304 0.500000000 -0.224143868
vn -0.800103145 0.500000000 -0.331413574
vn -0.750000000 0.500000000 -0.433012702
vn -0.687064147 0.500000000 -0.527202862
vn -0.612372436 0.500000000 -0.612372436
vn -0.527202862 0.500000000 -0.687064147
vn -0.433012702 0.500000000 -0.750000000
vn -0.331413574 0.500000000 -0.800103145
vn -0.224143868 0.500000000 -0.836516304
vn -0.113038998 0.500000000 -0.858616436
vn -0.000000000 0.500000000 -0.866025404
vn 0.113038998 0.500000000 -0.858616436
vn 0.224143868 0.500000000 -0.836516304
vn 0.331413574 0.500000000 -0.800103145
vn 0.433012702 0.500000000 -0.750000000
vn 0.527202862 0.500000000 -0.687064147
vn 0.612372436 0.500000000 -0.612372436
vn 0.687064147 0.500000000 -0.527202862
vn 0.750000000 0.500000000 -0.433012702
vn 0.800103145 0.500000000 -0.331413574
vn 0.836516304 0.500000000 -0.224143868
vn 0.858616436 0.500000000 -0.113038998
vn 0.923879533 0.382683432 0.000000000
vn 0.915975615 0.382683432 0.120590477
vn 0.892399101 0.382683432 0.239117618
vn 0.853553391 0.382683432 0.353553391
vn 0.800103145 0.382683432 0.461939766
vn 0.732962913 0.382683432 0.562422224
vn 0.653281482 0.382683432 0.653281482
vn 0.562422224 0.382683432 0.732962913
vn 0.461939766 0.382683432 0.800103145
vn 0.353553391 0.382683432 0.853553391
vn 0.239117618 0.382683432 0.892399101
vn 0.120590477 0.382683432 0.915975615
vn 0.000000000 0.382683432 0.923879533
vn -0.120590477 0.382683432 0.915975615
vn -0.239117618 0.382683432 0.892399101
vn -0.353553391 0.382683432 0.853553391
vn -0.461939766 0.382683432 0.800103145
vn -0.562422224 0.382683432 0.732962913
vn -0.653281482 0.382683432 0.653281482
vn -0.732962913 0.382683432 0.562422224
vn -0.800103145 0.382683432 0.461939766
vn -0.853553391 0.382683432 0.353553391
vn -0.892399101 0.382683432 0.239117618
vn -0.915975615 0.382683432 0.120590477
vn -0.923879533 0.382683432 0.000000000
vn -0.915975615 0.382683432 -0.120590477
vn -0.892399101 0.382683432 -0.239117618
vn -0.853553391 0.382683432 -0.353553391
vn -0.800103145 0.382683432 -0.461939766
vn -0.732962913 0.382683432 -0.562422224
vn -0.653281482 0.382683432 -0.653281482
vn -0.562422224 0.382683432 -0.732962913
vn -0.461939766 0.382683432 -0.800103145
vn -0.353553391 0.382683432 -0.853553391
vn -0.239117618 0.382683432 -0.892399101
vn -0.120590477 0.382683432 -0.915975615
vn -0.000000000 0.382683432 -0.923879533
vn 0.120590477 0.382683432 -0.915975615
vn 0.239117618 0.382683432 -0.892399101
vn 0.353553391 0.382683432 -0.853553391
vn 0.461939766 0.382683432 -0.800103145
vn 0.562422224 0.382683432 -0.732962913
vn 0.653281482 0.382683432 -0.653281482
vn 0.732962913 0.382683432 -0.562422224
vn 0.800103145 0.382683432 -0.461939766
vn 0.853553391 0.382683432 -0.353553391
vn 0.892399101 0.382683432 -0.239117618
vn 0.915975615 0.382683432 -0.120590477
vn 0.965925826 0.258819045 0.000000000
vn 0.957662197 0.258819045 0.126078620
vn 0.933012702 0.258819045 0.250000000
vn 0.892399101 0.258819045 0.369643811
vn 0.836516304 0.258819045 0.482962913
vn 0.766320481 0.258819045 0.588018386
vn 0.683012702 0.258819045 0.683012702
vn 0.588018386 0.258819045 0.766320481
vn 0.482962913 0.258819045 0.836516304
vn 0.369643811 0.258819045 0.892399101
vn 0.250000000 0.258819045 0.933012702
vn 0.126078620 0.258819045 0.957662197
vn 0.000000000 0.258819045 0.965925826
vn -0.126078620 0.258819045 0.957662197
vn -0.250000000 0.258819045 0.933012702
vn -0.369643811 0.258819045 0.892399101
vn -0.482962913 0.258819045 0.836516304
vn -0.588018386 0.258819045 0.766320481
vn -0.683012702 0.258819045 0.683012702
vn -0.766320481 0.258819045 0.588018386
vn -0.836516304 0.258819045 0.482962913
vn -0.892399101 0.258819045 0.369643811
vn -0.933012702 0.258819045 0.250000000
vn -0.957662197 0.258819045 0.126078620
vn -0.965925826 0.258819045 0.000000000
vn -0.957662197 0.258819045 -0.126078620
vn -0.933012702 0.258819045 -0.250000000
vn -0.892399101 0.258819045 -0.369643811
vn -0.836516304 0.258819045 -0.482962913
vn -0.766320481 0.258819045 -0.588018386
vn -0.683012702 0.258819045 -0.683012702
vn -0.588018386 0.258819045 -0.766320481
vn -0.482962913 0.258819045 -0.836516304
vn -0.369643811 0.258819045 -0.892399101
vn -0.250000000 0.258819045 -0.933012702
vn -0.126078620 0.258819045 -0.957662197
vn -0.000000000 0.258819045 -0.965925826
vn 0.126078620 0.258819045 -0.957662197
vn 0.250000000 0.258819045 -0.933012702
vn 0.369643811 0.258819045 -0.892399101
vn 0.482962913 0.258819045 -0.836516304
vn 0.588018386 0.258819045 -0.766320481
vn 0.683012702 0.258819045 -0.683012702
vn 0.766320481 0.258819045 -0.588018386
vn 0.836516304 0.258819045 -0.482962913
vn 0.892399101 0.258819045 -0.369643811
vn 0.933012702 0.258819045 -0.250000000
vn 0.957662197 0.258819045 -0.126078620
vn 0.991444861 0.130526192 0.000000000
vn 0.982962913 0.130526192 0.129409523
vn 0.957662197 0.130526192 0.256604812
vn 0.915975615 0.130526192 0.379409523
vn 0.858616436 0.130526192 0.495722431
vn 0.786566092 0.130526192 0.603553391
vn 0.701057385 0.130526192 0.701057385
vn 0.603553391 0.130526192 0.786566092
vn 0.495722431 0.130526192 0.858616436
vn 0.379409523 0.130526192 0.915975615
vn 0.256604812 0.130526192 0.957662197
vn 0.129409523 0.130526192 0.982962913
vn 0.000000000 0.130526192 0.991444861
vn -0.129409523 0.130526192 0.982962913
vn -0.256604812 0.130526192 0.957662197
vn -0.379409523 0.130526192 0.915975615
vn -0.495722431 0.130526192 0.858616436
vn -0.603553391 0.130526192 0.786566092
vn -0.701057385 0.130526192 0.701057385
vn -0.786566092 0.130526192 0.603553391
vn -0.858616436 0.130526192 0.495722431
vn -0.915975615 0.130526192 0.379409523
vn -0.957662197 0.130526192 0.256604812
vn -0.982962913 0.130526192 0.129409523
vn -0.991444861 0.130526192 0.000000000
vn -0.982962913 0.130526192 -0.129409523
vn -0.957662197 0.130526192 -0.256604812
vn -0.915975615 0.130526192 -0.379409523
vn -0.858616436 0.130526192 -0.495722431
vn -0.786566092 0.130526192 -0.603553391
vn -0.701057385 0.130526192 -0.701057385
vn -0.603553391 0.130526192 -0.786566092
vn -0.495722431 0.130526192 -0.858616436
vn -0.379409523 0.130526192 -0.915975615
vn -0.256604812 0.130526192 -0.957662197
vn -0.129409523 0.130526192 -0.982962913
vn -0.000000000 0.130526192 -0.991444861
vn 0.129409523 0.130526192 -0.982962913
vn 0.256604812 0.130526192 -0.957662197
vn 0.379409523 0.130526192 -0.915975615
vn 0.495722431 0.130526192 -0.858616436
vn 0.603553391 0.130526192 -0.786566092
vn 0.701057385 0.130526192 -0.701057385
vn 0.786566092 0.130526192 -0.603553391
vn 0.858616436 0.130526192 -0.495722431
vn 0.915975615 0.130526192 -0.379409523
vn 0.957662197 0.130526192 -0.256604812
vn 0.982962913 0.130526192 -0.129409523
vn 1.000000000 0.000000000 0.000000000
vn 0.991444861 0.000000000 0.130526192
vn 0.965925826 0.000000000 0.258819045
vn 0.923879533 0.000000000 0.382683432
vn 0.866025404 0.000000000 0.500000000
vn 0.793353340 0.000000000 0.608761429
vn 0.707106781 0.000000000 0.707106781
vn 0.608761429 0.000000000 0.793353340
vn 0.500000000 0.000000000 0.866025404
vn 0.382683432 0.000000000 0.923879533
vn 0.258819045 0.000000000 0.965925826
vn 0.130526192 0.000000000 0.991444861
vn 0.000000000 0.000000000 1.000000000
vn -0.130526192 0.000000000 0.991444861
vn -0.258819045 0.000000000 0.965925826
vn -0.382683432 0.000000000 0.923879533
vn -0.500000000 0.000000000 0.866025404
vn -0.608761429 0.000000000 0.793353340
vn -0.707106781 0.000000000 0.707106781
vn -0.793353340 0.000000000 0.608761429
vn -0.866025404 0.000000000 0.500000000
vn -0.923879533 0.000000000 0.382683432
vn -0.965925826 0.000000000 0.258819045
vn -0.991444861 0.000000000 0.130526192
vn -1.000000000 0.000000000 0.000000000
vn -0.991444861 0.000000000 -0.130526192
vn -0.965925826 0.000000000 -0.258819045
vn -0.923879533 0.000000000 -0.382683432
vn -0.866025404 0.000000000 -0.500000000
vn -0.793353340 0.000000000 -0.608761429
vn -0.707106781 0.000000000 -0.707106781
vn -0.608761429 0.000000000 -0.793353340
vn -0.500000000 0.000000000 -0.866025404
vn -0.382683432 0.000000000 -0.923879533
vn -0.258819045 0.000000000 -0.965925826
vn -0.130526192 0.000000000 -0.991444861
vn -0.000000000 0.000000000 -1.000000000
vn 0.130526192 0.000000000 -0.991444861
vn 0.258819045 0.000000000 -0.965925826
vn 0.382683432 0.000000000 -0.923879533
vn 0.500000000 0.000000000 -0.866025404
vn 0.608761429 0.000000000 -0.793353340
vn 0.707106781 0.000000000 -0.707106781
vn 0.793353340 0.000000000 -0.608761429
vn 0.866025404 0.000000000 -0.500000000
vn 0.923879533 0.000000000 -0.382683432
vn 0.965925826 0.000000000 -0.258819045
vn 0.991444861 0.000000000 -0.130526192
vn 0.991444861 -0.130526192 0.000000000
vn 0.982962913 -0.130526192 0.129409523
vn 0.957662197 -0.130526192 0.256604812
vn 0.915975615 -0.130526192 0.379409523
vn 0.858616436 -0.130526192 0.495722431
vn 0.786566092 -0.130526192 0.603553391
vn 0.701057385 -0.130526192 0.701057385
vn 0.603553391 -0.130526192 0.786566092
vn 0.495722431 -0.130526192 0.858616436
vn 0.379409523 -0.130526192 0.915975615
vn 0.256604812 -0.130526192 0.957662197
vn 0.129409523 -0.130526192 0.982962913
vn 0.000000000 -0.130526192 0.991444861
vn -0.129409523 -0.130526192 0.982962913
vn -0.256604812 -0.130526192 0.957662197
vn -0.379409523 -0.130526192 0.915975615
vn -0.495722431 -0.130526192 0.858616436
vn -0.603553391 -0.130526192 0.786566092
vn -0.701057385 -0.130526192 0.701057385
vn -0.786566092 -0.130526192 0.603553391
vn -0.858616436 -0.130526192 0.495722431
vn -0.915975615 -0.130526192 0.379409523
vn -0.957662197 -0.130526192 0.256604812
vn -0.982962913 -0.130526192 0.129409523
vn -0.991444861 -0.130526192 0.000000000
vn -0.982962913 -0.130526192 -0.129409523
vn -0.957662197 -0.130526192 -0.256604812
vn -0.915975615 -0.130526192 -0.379409523
vn -0.858616436 -0.130526192 -0.495722431
vn -0.786566092 -0.130526192 -0.603553391
vn -0.701057385 -0.130526192 -0.701057385
vn -0.603553391 -0.130526192 -0.786566092
vn -0.495722431 -0.130526192 -0.858616436
vn -0.379409523 -0.130526192 -0.915975615
vn -0.256604812 -0.130526192 -0.957662197
vn -0.129409523 -0.130526192 -0.982962913
vn -0.000000000 -0.130526192 -0.991444861
vn 0.129409523 -0.130526192 -0.982962913
vn 0.256604812 -0.130526192 -0.957662197
vn 0.379409523 -0.130526192 -0.915975615
vn 0.495722431 -0.130526192 -0.858616436
vn 0.603553391 -0.130526192 -0.786566092
vn 0.701057385 -0.130526192 -0.701057385
vn 0.786566092 -0.130526192 -0.603553391
vn 0.858616436 -0.130526192 -0.495722431
vn 0.915975615 -0.130526192 -0.379409523
vn 0.957662197 -0.130526192 -0.256604812
vn 0.982962913 -0.130526192 -0.129409523
vn 0.965925826 -0.258819045 0.000000000
vn 0.957662197 -0.258819045 0.126078620
vn 0.933012702 -0.258819045 0.250000000
vn 0.892399101 -0.258819045 0.369643811
vn 0.836516304 -0.258819045 0.482962913
vn 0.766320481 -0.258819045 0.588018386
vn 0.683012702 -0.258819045 0.683012702
vn 0.588018386 -0.258819045 0.766320481
vn 0.482962913 -0.258819045 0.836516304
vn 0.369643811 -0.258819045 0.892399101
vn 0.250000000 -0.258819045 0.933012702
vn 0.126078620 -0.258819045 0.957662197
vn 0.000000000 -0.258819045 0.965925826
vn -0.126078620 -0.258819045 0.957662197
vn -0.250000000 -0.258819045 0.933012702
vn -0.369643811 -0.258819045 0.892399101
vn -0.482962913 -0.258819045 0.836516304
vn -0.588018386 -0.258819045 0.766320481
vn -0.683012702 -0.258819045 0.683012702
vn -0.766320481 -0.258819045 0.588018386
vn -0.836516304 -0.258819045 0.482962913
vn -0.892399101 -0.258819045 0.369643811
vn -0.933012702 -0.258819045 0.250000000
vn -0.957662197 -0.258819045 0.126078620
vn -0.965925826 -0.258819045 0.000000000
vn -0.957662197 -0.258819045 -0.126078620
vn -0.933012702 -0.258819045 -0.250000000
vn -0.892399101 -0.258819045 -0.369643811
vn -0.836516304 -0.258819045 -0.482962913
vn -0.766320481 -0.258819045 -0.588018386
vn -0.683012702 -0.258819045 -0.683012702
vn -0.588018386 -0.258819045 -0.766320481
vn -0.482962913 -0.258819045 -0.836516304
vn -0.369643811 -0.258819045 -0.892399101
vn -0.250000000 -0.258819045 -0.933012702
vn -0.126078620 -0.258819045 -0.957662197
vn -0.000000000 -0.258819045 -0.965925826
vn 0.126078620 -0.258819045 -0.957662197
vn 0.250000000 -0.258819045 -0.933012702
vn 0.369643811 -0.258819045 -0.892399101
vn 0.482962913 -0.258819045 -0.836516304
vn 0.588018386 -0.258819045 -0.766320481
vn 0.683012702 -0.258819045 -0.683012702
vn 0.766320481 -0.258819045 -0.588018386
vn 0.836516304 -0.258819045 -0.482962913
vn 0.892399101 -0.258819045 -0.369643811
vn 0.933012702 -0.258819045 -0.250000000
vn 0.957662197 -0.258819045 -0.126078620
vn 0.923879533 -0.382683432 0.000000000
vn 0.915975615 -0.382683432 0.120590477
vn 0.892399101 -0.382683432 0.239117618
vn 0.853553391 -0.382683432 0.353553391
vn 0.800103145 -0.382683432 0.461939766
vn 0.732962913 -0.382683432 0.562422224
vn 0.653281482 -0.382683432 0.653281482
vn 0.562422224 -0.382683432 0.732962913
vn 0.461939766 -0.382683432 0.800103145
vn 0.353553391 -0.382683432 0.853553391
vn 0.239117618 -0.382683432 0.892399101
vn 0.120590477 -0.382683432 0.915975615
vn 0.000000000 -0.382683432 0.923879533
vn -0.120590477 -0.382683432 0.915975615
vn -0.239117618 -0.382683432 0.892399101
vn -0.353553391 -0.382683432 0.853553391
vn -0.461939766 -0.382683432 0.800103145
vn -0.562422224 -0.382683432 0.732962913
vn -0.653281482 -0.382683432 0.653281482
vn -0.732962913 -0.382683432 0.562422224
vn -0.800103145 -0.382683432 0.461939766
vn -0.853553391 -0.382683432 0.353553391
vn -0.892399101 -0.382683432 0.239117618
vn -0.915975615 -0.382683432 0.120590477
vn -0.923879533 -0.382683432 0.000000000
vn -0.915975615 -0.382683432 -0.120590477
vn -0.892399101 -0.382683432 -0.239117618
vn -0.853553391 -0.382683432 -0.353553391
vn -0.800103145 -0.382683432 -0.461939766
vn -0.732962913 -0.382683432 -0.562422224
vn -0.653281482 -0.382683432 -0.653281482
vn -0.562422224 -0.382683432 -0.732962913
vn -0.461939766 -0.382683432 -0.800103145
vn -0.353553391 -0.382683432 -0.853553391
vn -0.239117618 -0.382683432 -0.892399101
vn -0.120590477 -0.382683432 -0.915975615
vn -0.000000000 -0.382683432 -0.923879533
vn 0.120590477 -0.382683432 -0.915975615
vn 0.239117618 -0.382683432 -0.892399101
vn 0.353553391 -0.382683432 -0.853553391
vn 0.461939766 -0.382683432 -0.800103145
vn 0.562422224 -0.382683432 -0.732962913
vn 0.653281482 -0.382683432 -0.653281482
vn 0.732962913 -0.382683432 -0.562422224
vn 0.800103145 -0.382683432 -0.461939766
vn 0.853553391 -0.382683432 -0.353553391
vn 0.892399101 -0.382683432 -0.239117618
vn 0.915975615 -0.382683432 -0.120590477
vn 0.866025404 -0.500000000 0.000000000
vn 0.858616436 -0.500000000 0.113038998
vn 0.836516304 -0.500000000 0.224143868
vn 0.800103145 -0.500000000 0.331413574
vn 0.750000000 -0.500000000 0.433012702
vn 0.687064147 -0.500000000 0.527202862
vn 0.612372436 -0.500000000 0.612372436
vn 0.527202862 -0.500000000 0.687064147
vn 0.433012702 -0.500000000 0.750000000
vn 0.331413574 -0.500000000 0.800103145
vn 0.224143868 -0.500000000 0.836516304
vn 0.113038998 -0.500000000 0.858616436
vn 0.000000000 -0.500000000 0.866025404
vn -0.113038998 -0.500000000 0.858616436
vn -0.224143868 -0.500000000 0.836516304
vn -0.331413574 -0.500000000 0.800103145
vn -0.433012702 -0.500000000 0.750000000
vn -0.527202862 -0.500000000 0.687064147
vn -0.612372436 -0.500000000 0.612372436
vn -0.687064147 -0.500000000 0.527202862
vn -0.750000000 -0.500000000 0.433012702
vn -0.800103145 -0.500000000 0.331413574
vn -0.836516304 -0.500000000 0.224143868
vn -0.858616436 -0.500000000 0.113038998
vn -0.866025404 -0.500000000 0.000000000
vn -0.858616436 -0.500000000 -0.113038998
vn -0.836516304 -0.500000000 -0.224143868
vn -0.800103145 -0.500000000 -0.331413574
vn -0.750000000 -0.500000000 -0.433012702
vn -0.687064147 -0.500000000 -0.527202862
vn -0.612372436 -0.500000000 -0.612372436
vn -0.527202862 -0.500000000 -0.687064147
vn -0.433012702 -0.500000000 -0.750000000
vn -0.331413574 -0.500000000 -0.800103145
vn -0.224143868 -0.500000000 -0.836516304
vn -0.113038998 -0.500000000 -0.858616436
vn -0.000000000 -0.500000000 -0.866025404
vn 0.113038998 -0.500000000 -0.858616436
vn 0.224143868 -0.500000000 -0.836516304
vn 0.331413574 -0.500000000 -0.800103145
vn 0.433012702 -0.500000000 -0.750000000
vn 0.527202862 -0.500000000 -0.687064147
vn 0.612372436 -0.500000000 -0.612372436
vn 0.687064147 -0.500000000 -0.527202862
vn 0.750000000 -0.500000000 -0.433012702
vn 0.800103145 -0.500000000 -0.331413574
vn 0.836516304 -0.500000000 -0.224143868
vn 0.858616436 -0.500000000 -0.113038998
vn 0.793353340 -0.608761429 0.000000000
vn 0.786566092 -0.608761429 0.103553391
vn 0.766320481 -0.608761429 0.205334954
vn 0.732962913 -0.608761429 0.303603179
vn 0.687064147 -0.608761429 0.396676670
vn 0.629409523 -0.608761429 0.482962913
vn 0.560985527 -0.608761429 0.560985527
vn 0.482962913 -0.608761429 0.629409523
vn 0.396676670 -0.608761429 0.687064147
vn 0.303603179 -0.608761429 0.732962913
vn 0.205334954 -0.608761429 0.766320481
vn 0.103553391 -0.608761429 0.786566092
vn 0.000000000 -0.608761429 0.793353340
vn -0.103553391 -0.608761429 0.786566092
vn -0.205334954 -0.608761429 0.766320481
vn -0.303603179 -0.608761429 0.732962913
vn -0.396676670 -0.608761429 0.687064147
vn -0.482962913 -0.608761429 0.629409523
vn -0.560985527 -0.608761429 0.560985527
vn -0.629409523 -0.608761429 0.482962913
vn -0.687064147 -0.608761429 0.396676670
vn -0.732962913 -0.608761429 0.303603179
vn -0.766320481 -0.608761429 0.205334954
vn -0.786566092 -0.608761429 0.103553391
vn -0.793353340 -0.608761429 0.000000000
vn -0.786566092 -0.608761429 -0.103553391
vn -0.766320481 -0.608761429 -0.205334954
vn -0.732962913 -0.608761429 -0.303603179
vn -0.687064147 -0.608761429 -0.396676670
vn -0.629409523 -0.608761429 -0.482962913
vn -0.560985527 -0.608761429 -0.560985527
vn -0.482962913 -0.608761429 -0.629409523
vn -0.396676670 -0.608761429 -0.687064147
vn -0.303603179 -0.608761429 -0.732962913
vn -0.205334954 -0.608761429 -0.766320481
vn -0.103553391 -0.608761429 -0.786566092
vn -0.000000000 -0.608761429 -0.793353340
vn 0.103553391 -0.608761429 -0.786566092
vn 0.205334954 -0.608761429 -0.766320481
vn 0.303603179 -0.608761429 -0.732962913
vn 0.396676670 -0.608761429 -0.687064147
vn 0.482962913 -0.608761429 -0.629409523
vn 0.560985527 -0.608761429 -0.560985527
vn 0.629409523 -0.608761429 -0.482962913
vn 0.687064147 -0.608761429 -0.396676670
vn 0.732962913 -0.608761429 -0.303603179
vn 0.766320481 -0.608761429 -0.205334954
vn 0.786566092 -0.608761429 -0.103553391
vn 0.707106781 -0.707106781 0.000000000
vn 0.701057385 -0.707106781 0.092295956
vn 0.683012702 -0.707106781 0.183012702
vn 0.653281482 -0.707106781 0.270598050
vn 0.612372436 -0.707106781 0.353553391
vn 0.560985527 -0.707106781 0.430459335
vn 0.500000000 -0.707106781 0.500000000
vn 0.430459335 -0.707106781 0.560985527
vn 0.353553391 -0.707106781 0.612372436
vn 0.270598050 -0.707106781 0.653281482
vn 0.183012702 -0.707106781 0.683012702
vn 0.092295956 -0.707106781 0.701057385
vn 0.000000000 -0.707106781 0.707106781
vn -0.092295956 -0.707106781 0.701057385
vn -0.183012702 -0.707106781 0.683012702
vn -0.270598050 -0.707106781 0.653281482
vn -0.353553391 -0.707106781 0.612372436
vn -0.430459335 -0.707106781 0.560985527
vn -0.500000000 -0.707106781 0.500000000
vn -0.560985527 -0.707106781 0.430459335
vn -0.612372436 -0.707106781 0.353553391
vn -0.653281482 -0.707106781 0.270598050
vn -0.683012702 -0.707106781 0.183012702
vn -0.701057385 -0.707106781 0.092295956
vn -0.707106781 -0.707106781 0.000000000
vn -0.701057385 -0.707106781 -0.092295956
vn -0.683012702 -0.707106781 -0.183012702
vn -0.653281482 -0.707106781 -0.270598050
vn -0.612372436 -0.707106781 -0.353553391
vn -0.560985527 -0.707106781 -0.430459335
vn -0.500000000 -0.707106781 -0.500000000
vn -0.430459335 -0.707106781 -0.560985527
vn -0.353553391 -0.707106781 -0.612372436
vn -0.270598050 -0.707106781 -0.653281482
vn -0.183012702 -0.707106781 -0.683012702
vn -0.092295956 -0.707106781 -0.701057385
vn -0.000000000 -0.707106781 -0.707106781
vn 0.092295956 -0.707106781 -0.701057385
vn 0.183012702 -0.707106781 -0.683012702
vn 0.270598050 -0.707106781 -0.653281482
vn 0.353553391 -0.707106781 -0.612372436
vn 0.430459335 -0.707106781 -0.560985527
vn 0.500000000 -0.707106781 -0.500000000
vn 0.560985527 -0.707106781 -0.430459335
vn 0.612372436 -0.707106781 -0.353553391
vn 0.653281482 -0.707106781 -0.270598050
vn 0.683012702 -0.707106781 -0.183012702
vn 0.701057385 -0.707106781 -0.092295956
vn 0.608761429 -0.793353340 0.000000000
vn 0.603553391 -0.793353340 0.079459311
vn 0.588018386 -0.793353340 0.157559052
vn 0.562422224 -0.793353340 0.232962913
vn 0.527202862 -0.793353340 0.304380715
vn 0.482962913 -0.793353340 0.370590477
vn 0.430459335 -0.793353340 0.430459335
vn 0.370590477 -0.793353340 0.482962913
vn 0.304380715 -0.793353340 0.527202862
vn 0.232962913 -0.793353340 0.562422224
vn 0.157559052 -0.793353340 0.588018386
vn 0.079459311 -0.793353340 0.603553391
vn 0.000000000 -0.793353340 0.608761429
vn -0.079459311 -0.793353340 0.603553391
vn -0.157559052 -0.793353340 0.588018386
vn -0.232962913 -0.793353340 0.562422224
vn -0.304380715 -0.793353340 0.527202862
vn -0.370590477 -0.793353340 0.482962913
vn -0.430459335 -0.793353340 0.430459335
vn -0.482962913 -0.793353340 0.370590477
vn -0.527202862 -0.793353340 0.304380715
vn -0.562422224 -0.793353340 0.232962913
vn -0.588018386 -0.793353340 0.157559052
vn -0.603553391 -0.793353340 0.079459311
vn -0.608761429 -0.793353340 0.000000000
vn -0.603553391 -0.793353340 -0.079459311
vn -0.588018386 -0.793353340 -0.157559052
vn -0.562422224 -0.793353340 -0.232962913
vn -0.527202862 -0.793353340 -0.304380715
vn -0.482962913 -0.793353340 -0.370590477
vn -0.430459335 -0.793353340 -0.430459335
vn -0.370590477 -0.793353340 -0.482962913
vn -0.304380715 -0.793353340 -0.527202862
vn -0.232962913 -0.793353340 -0.562422224
vn -0.157559052 -0.793353340 -0.588018386
vn -0.079459311 -0.793353340 -0.603553391
vn -0.000000000 -0.793353340 -0.608761429
vn 0.079459311 -0.793353340 -0.603553391
vn 0.157559052 -0.793353340 -0.588018386
vn 0.232962913 -0.793353340 -0.562422224
vn 0.304380715 -0.793353340 -0.527202862
vn 0.370590477 -0.793353340 -0.482962913
vn 0.430459335 -0.793353340 -0.430459335
vn 0.482962913 -0.793353340 -0.370590477
vn 0.527202862 -0.793353340 -0.304380715
vn 0.562422224 -0.793353340 -0.232962913
vn 0.588018386 -0.793353340 -0.157559052
vn 0.603553391 -0.793353340 -0.079459311
vn 0.500000000 -0.866025404 0.000000000
vn 0.495722431 -0.866025404 0.065263096
vn 0.482962913 -0.866025404 0.129409523
vn 0.461939766 -0.866025404 0.191341716
vn 0.433012702 -0.866025404 0.250000000
vn 0.396676670 -0.866025404 0.304380715
vn 0.353553391 -0.866025404 0.353553391
vn 0.304380715 -0.866025404 0.396676670
vn 0.250000000 -0.866025404 0.433012702
vn 0.191341716 -0.866025404 0.461939766
vn 0.129409523 -0.866025404 0.482962913
vn 0.065263096 -0.866025404 0.495722431
vn 0.000000000 -0.866025404 0.500000000
vn -0.065263096 -0.866025404 0.495722431
vn -0.129409523 -0.866025404 0.482962913
vn -0.191341716 -0.866025404 0.461939766
vn -0.250000000 -0.866025404 0.433012702
vn -0.304380715 -0.866025404 0.396676670
vn -0.353553391 -0.866025404 0.353553391
vn -0.396676670 -0.866025404 0.304380715
vn -0.433012702 -0.866025404 0.250000000
vn -0.461939766 -0.866025404 0.191341716
vn -0.482962913 -0.866025404 0.129409523
vn -0.495722431 -0.866025404 0.065263096
vn -0.500000000 -0.866025404 0.000000000
vn -0.495722431 -0.866025404 -0.065263096
vn -0.482962913 -0.866025404 -0.129409523
vn -0.461939766 -0.866025404 -0.191341716
vn -0.433012702 -0.866025404 -0.250000000
vn -0.396676670 -0.866025404 -0.304380715
vn -0.353553391 -0.866025404 -0.353553391
vn -0.304380715 -0.866025404 -0.396676670
vn -0.250000000 -0.866025404 -0.433012702
vn -0.191341716 -0.866025404 -0.461939766
vn -0.129409523 -0.866025404 -0.482962913
vn -0.065263096 -0.866025404 -0.495722431
vn -0.000000000 -0.866025404 -0.500000000
vn 0.065263096 -0.866025404 -0.495722431
vn 0.129409523 -0.866025404 -0.482962913
vn 0.191341716 -0.866025404 -0.461939766
vn 0.250000000 -0.866025404 -0.433012702
vn 0.304380715 -0.866025404 -0.396676670
vn 0.353553391 -0.866025404 -0.353553391
vn 0.396676670 -0.866025404 -0.304380715
vn 0.433012702 -0.866025404 -0.250000000
vn 0.461939766 -0.866025404 -0.191341716
vn 0.482962913 -0.866025404 -0.129409523
vn 0.495722431 -0.866025404 -0.065263096
vn 0.382683432 -0.923879533 0.000000000
vn 0.379409523 -0.923879533 0.049950211
vn 0.369643811 -0.923879533 0.099045761
vn 0.353553391 -0.923879533 0.146446609
vn 0.331413574 -0.923879533 0.191341716
vn 0.303603179 -0.923879533 0.232962913
vn 0.270598050 -0.923879533 0.270598050
vn 0.232962913 -0.923879533 0.303603179
vn 0.191341716 -0.923879533 0.331413574
vn 0.146446609 -0.923879533 0.353553391
vn 0.099045761 -0.923879533 0.369643811
vn 0.049950211 -0.923879533 0.379409523
vn 0.000000000 -0.923879533 0.382683432
vn -0.049950211 -0.923879533 0.379409523
vn -0.099045761 -0.923879533 0.369643811
vn -0.146446609 -0.923879533 0.353553391
vn -0.191341716 -0.923879533 0.331413574
vn -0.232962913 -0.923879533 0.303603179
vn -0.270598050 -0.923879533 0.270598050
vn -0.303603179 -0.923879533 0.232962913
vn -0.331413574 -0.923879533 0.191341716
vn -0.353553391 -0.923879533 0.146446609
vn -0.369643811 -0.923879533 0.099045761
vn -0.379409523 -0.923879533 0.049950211
vn -0.382683432 -0.923879533 0.000000000
vn -0.379409523 -0.923879533 -0.049950211
vn -0.369643811 -0.923879533 -0.099045761
vn -0.353553391 -0.923879533 -0.146446609
vn -0.331413574 -0.923879533 -0.191341716
vn -0.303603179 -0.923879533 -0.232962913
vn -0.270598050 -0.923879533 -0.270598050
vn -0.232962913 -0.923879533 -0.303603179
vn -0.191341716 -0.923879533 -0.331413574
vn -0.146446609 -0.923879533 -0.353553391
vn -0.099045761 -0.923879533 -0.369643811
vn -0.049950211 -0.923879533 -0.379409523
vn -0.000000000 -0.923879533 -0.382683432
vn 0.049950211 -0.923879533 -0.379409523
vn 0.099045761 -0.923879533 -0.369643811
vn 0.146446609 -0.923879533 -0.353553391
vn 0.191341716 -0.923879533 -0.331413574
vn 0.232962913 -0.923879533 -0.303603179
vn 0.270598050 -0.923879533 -0.270598050
vn 0.303603179 -0.923879533 -0.232962913
vn 0.331413574 -0.923879533 -0.191341716
vn 0.353553391 -0.923879533 -0.146446609
vn 0.369643811 -0.923879533 -0.099045761
vn 0.379409523 -0.923879533 -0.049950211
vn 0.258819045 -0.965925826 0.000000000
vn 0.256604812 -0.965925826 0.033782664
vn 0.250000000 -0.965925826 0.066987298
vn 0.239117618 -0.965925826 0.099045761
vn 0.224143868 -0.965925826 0.129409523
vn 0.205334954 -0.965925826 0.157559052
vn 0.183012702 -0.965925826 0.183012702
vn 0.157559052 -0.965925826 0.205334954
vn 0.129409523 -0.965925826 0.224143868
vn 0.099045761 -0.965925826 0.239117618
vn 0.066987298 -0.965925826 0.250000000
vn 0.033782664 -0.965925826 0.256604812
vn 0.000000000 -0.965925826 0.258819045
vn -0.033782664 -0.965925826 0.256604812
vn -0.066987298 -0.965925826 0.250000000
vn -0.099045761 -0.965925826 0.239117618
vn -0.129409523 -0.965925826 0.224143868
vn -0.157559052 -0.965925826 0.205334954
vn -0.183012702 -0.965925826 0.183012702
vn -0.205334954 -0.965925826 0.157559052
vn -0.224143868 -0.965925826 0.129409523
vn -0.239117618 -0.965925826 0.099045761
vn -0.250000000 -0.965925826 0.066987298
vn -0.256604812 -0.965925826 0.033782664
vn -0.258819045 -0.965925826 0.000000000
vn -0.256604812 -0.965925826 -0.033782664
vn -0.250000000 -0.965925826 -0.066987298
vn -0.239117618 -0.965925826 -0.099045761
vn -0.224143868 -0.965925826 -0.129409523
vn -0.205334954 -0.965925826 -0.157559052
vn -0.183012702 -0.965925826 -0.183012702
vn -0.157559052 -0.965925826 -0.205334954
vn -0.129409523 -0.965925826 -0.224143868
vn -0.099045761 -0.965925826 -0.239117618
vn -0.066987298 -0.965925826 -0.250000000
vn -0.033782664 -0.965925826 -0.256604812
vn -0.000000000 -0.965925826 -0.258819045
vn 0.033782664 -0.965925826 -0.256604812
vn 0.066987298 -0.965925826 -0.250000000
vn 0.099045761 -0.965925826 -0.239117618
vn 0.129409523 -0.965925826 -0.224143868
vn 0.157559052 -0.965925826 -0.205334954
vn 0.183012702 -0.965925826 -0.183012702
vn 0.205334954 -0.965925826 -0.157559052
vn 0.224143868 -0.965925826 -0.129409523
vn 0.239117618 -0.965925826 -0.099045761
vn 0.250000000 -0.965925826 -0.066987298
vn 0.256604812 -0.965925826 -0.033782664
vn 0.130526192 -0.991444861 0.000000000
vn 0.129409523 -0.991444861 0.017037087
vn 0.126078620 -0.991444861 0.033782664
vn 0.120590477 -0.991444861 0.049950211
vn 0.113038998 -0.991444861 0.065263096
vn 0.103553391 -0.991444861 0.079459311
vn 0.092295956 -0.991444861 0.092295956
vn 0.079459311 -0.991444861 0.103553391
vn 0.065263096 -0.991444861 0.113038998
vn 0.049950211 -0.991444861 0.120590477
vn 0.033782664 -0.991444861 0.126078620
vn 0.017037087 -0.991444861 0.129409523
vn 0.000000000 -0.991444861 0.130526192
vn -0.017037087 -0.991444861 0.129409523
vn -0.033782664 -0.991444861 0.126078620
vn -0.049950211 -0.991444861 0.120590477
vn -0.065263096 -0.991444861 0.113038998
vn -0.079459311 -0.991444861 0.103553391
vn -0.092295956 -0.991444861 0.092295956
vn -0.103553391 -0.991444861 0.079459311
vn -0.113038998 -0.991444861 0.065263096
vn -0.120590477 -0.991444861 0.049950211
vn -0.126078620 -0.991444861 0.033782664
vn -0.129409523 -0.991444861 0.017037087
vn -0.130526192 -0.991444861 0.000000000
vn -0.129409523 -0.991444861 -0.017037087
vn -0.126078620 -0.991444861 -0.033782664
vn -0.120590477 -0.991444861 -0.049950211
vn -0.113038998 -0.991444861 -0.065263096
vn -0.103553391 -0.991444861 -0.079459311
vn -0.092295956 -0.991444861 -0.092295956
vn -0.079459311 -0.991444861 -0.103553391
vn -0.065263096 -0.991444861 -0.113038998
vn -0.049950211 -0.991444861 -0.120590477
vn -0.033782664 -0.991444861 -0.126078620
vn -0.017037087 -0.991444861 -0.129409523
vn -0.000000000 -0.991444861 -0.130526192
vn 0.017037087 -0.991444861 -0.129409523
vn 0.033782664 -0.991444861 -0.126078620
vn 0.049950211 -0.991444861 -0.120590477
vn 0.065263096 -0.991444861 -0.113038998
vn 0.079459311 -0.991444861 -0.103553391
vn 0.092295956 -0.991444861 -0.092295956
vn 0.103553391 -0.991444861 -0.079459311
vn 0.113038998 -0.991444861 -0.065263096
vn 0.120590477 -0.991444861 -0.049950211
vn 0.126078620 -0.991444861 -0.033782664
vn 0.129409523 -0.991444861 -0.017037087
vn 0.000000000 -1.000000000 0.000000000
vt 0.000000000 1.000000000
vt 0.020833333 1.000000000
vt 0.041666667 1.000000000
vt 0.062500000 1.000000000
vt 0.083333333 1.000000000
vt 0.104166667 1.000000000
vt 0.125000000 1.000000000
vt 0.145833333 1.000000000
vt 0.166666667 1.000000000
vt 0.187500000 1.000000000
vt 0.208333333 1.000000000
vt 0.229166667 1.000000000
vt 0.250000000 1.000000000
vt 0.270833333 1.000000000
vt 0.291666667 1.000000000
vt 0.312500000 1.000000000
vt 0.333333333 1.000000000
vt 0.354166667 1.000000000
vt 0.375000000 1.000000000
vt 0.395833333 1.000000000
vt 0.416666667 1.000000000
vt 0.437500000 1.000000000
vt 0.458333333 1.000000000
vt 0.479166667 1.000000000
vt 0.500000000 1.000000000
vt 0.520833333 1.000000000
vt 0.541666667 1.000000000
vt 0.562500000 1.000000000
vt 0.583333333 1.000000000
vt 0.604166667 1.000000000
vt 0.625000000 1.000000000
vt 0.645833333 1.000000000
vt 0.666666667 1.000000000
vt 0.687500000 1.000000000
vt 0.708333333 1.000000000
vt 0.729166667 1.000000000
vt 0.750000000 1.000000000
vt 0.770833333 1.000000000
vt 0.791666667 1.000000000
vt 0.812500000 1.000000000
vt 0.833333333 1.000000000
vt 0.854166667 1.000000000
vt 0.875000000 1.000000000
vt 0.895833333 1.000000000
vt 0.916666667 1.000000000
vt 0.937500000 1.000000000
vt 0.958333333 1.000000000
vt 0.979166667 1.000000000
vt 1.000000000 1.000000000
vt 0.000000000 0.958333333
vt 0.020833333 0.958333333
vt 0.041666667 0.958333333
vt 0.062500000 0.958333333
vt 0.083333333 0.958333333
vt 0.104166667 0.958333333
vt 0.125000000 0.958333333
vt 0.145833333 0.958333333
vt 0.166666667 0.958333333
vt 0.187500000 0.958333333
vt 0.208333333 0.958333333
vt 0.229166667 0.958333333
vt 0.250000000 0.958333333
vt 0.270833333 0.958333333
vt 0.291666667 0.958333333
vt 0.312500000 0.958333333
vt 0.333333333 0.958333333
vt 0.354166667 0.958333333
vt 0.375000000 0.958333333
vt 0.395833333 0.958333333
vt 0.416666667 0.958333333
vt 0.437500000 0.958333333
vt 0.458333333 0.958333333
vt 0.479166667 0.958333333
vt 0.500000000 0.958333333
vt 0.520833333 0.958333333
vt 0.541666667 0.958333333
vt 0.562500000 0.958333333
vt 0.583333333 0.958333333
vt 0.604166667 0.958333333
vt 0.625000000 0.958333333
vt 0.645833333 0.958333333
vt 0.666666667 0.958333333
vt 0.687500000 0.958333333
vt 0.708333333 0.958333333
vt 0.729166667 0.958333333
vt 0.750000000 0.958333333
vt 0.770833333 0.958333333
vt 0.791666667 0.958333333
vt 0.812500000 0.958333333
vt 0.833333333 0.958333333
vt 0.854166667 0.958333333
vt 0.875000000 0.958333333
vt 0.895833333 0.958333333
vt 0.916666667 0.958333333
vt 0.937500000 0.958333333
vt 0.958333333 0.958333333
vt 0.979166667 0.958333333
vt 1.000000000 0.958333333
vt 0.000000000 0.916666667
vt 0.020833333 0.916666667
vt 0.041666667 0.916666667
vt 0.062500000 0.916666667
vt 0.083333333 0.916666667
vt 0.104166667 0.916666667
vt 0.125000000 0.916666667
vt 0.145833333 0.916666667
vt 0.166666667 0.916666667
vt 0.187500000 0.916666667
vt 0.208333333 0.916666667
vt 0.229166667 0.916666667
vt 0.250000000 0.916666667
vt 0.270833333 0.916666667
vt 0.291666667 0.916666667
vt 0.312500000 0.916666667
vt 0.333333333 0.916666667
vt 0.354166667 0.916666667
vt 0.375000000 0.916666667
vt 0.395833333 0.916666667
vt 0.416666667 0.916666667
vt 0.437500000 0.916666667
vt 0.458333333 0.916666667
vt 0.479166667 0.916666667
vt 0.500000000 0.916666667
vt 0.520833333 0.916666667
vt 0.541666667 0.916666667
vt 0.562500000 0.916666667
vt 0.583333333 0.916666667
vt 0.604166667 0.916666667
vt 0.625000000 0.916666667
vt 0.645833333 0.916666667
vt 0.666666667 0.916666667
vt 0.687500000 0.916666667
vt 0.708333333 0.916666667
vt 0.729166667 0.916666667
vt 0.750000000 0.916666667
vt 0.770833333 0.916666667
vt 0.791666667 0.916666667
vt 0.812500000 0.916666667
vt 0.833333333 0.916666667
vt 0.854166667 0.916666667
vt 0.875000000 0.916666667
vt 0.895833333 0.916666667
vt 0.916666667 0.916666667
vt 0.937500000 0.916666667
vt 0.958333333 0.916666667
vt 0.979166667 0.916666667
vt 1.000000000 0.916666667
vt 0.000000000 0.875000000
vt 0.020833333 0.875000000
vt 0.041666667 0.875000000
vt 0.062500000 0.875000000
vt 0.083333333 0.875000000
vt 0.104166667 0.875000000
vt 0.125000000 0.875000000
vt 0.145833333 0.875000000
vt 0.166666667 0.875000000
vt 0.187500000 0.875000000
vt 0.208333333 0.875000000
vt 0.229166667 0.875000000
vt 0.250000000 0.875000000
vt 0.270833333 0.875000000
vt 0.291666667 0.875000000
vt 0.312500000 0.875000000
vt 0.333333333 0.875000000
vt 0.354166667 0.875000000
vt 0.375000000 0.875000000
vt 0.395833333 0.875000000
vt 0.416666667 0.875000000
vt 0.437500000 0.875000000
vt 0.458333333 0.875000000
vt 0.479166667 0.875000000
vt 0.500000000 0.875000000
vt 0.520833333 0.875000000
vt 0.541666667 0.875000000
vt 0.562500000 0.875000000
vt 0.583333333 0.875000000
vt 0.604166667 0.875000000
vt 0.625000000 0.875000000
vt 0.645833333 0.875000000
vt 0.666666667 0.875000000
vt 0.687500000 0.875000000
vt 0.708333333 0.875000000
vt 0.729166667 0.875000000
vt 0.750000000 0.875000000
vt 0.770833333 0.875000000
vt 0.791666667 0.875000000
vt 0.812500000 0.875000000
vt 0.833333333 0.875000000
vt 0.854166667 0.875000000
vt 0.875000000 0.875000000
vt 0.895833333 0.875000000
vt 0.916666667 0.875000000
vt 0.937500000 0.875000000
vt 0.958333333 0.875000000
vt 0.979166667 0.875000000
vt 1.000000000 0.875000000
vt 0.000000000 0.833333333
vt 0.020833333 0.833333333
vt 0.041666667 0.833333333
vt 0.062500000 0.833333333
vt 0.083333333 0.833333333
vt 0.104166667 0.833333333
vt 0.125000000 0.833333333
vt 0.145833333 0.833333333
vt 0.166666667 0.833333333
vt 0.187500000 0.833333333
vt 0.208333333 0.833333333
vt 0.229166667 0.833333333
vt 0.250000000 0.833333333
vt 0.270833333 0.833333333
vt 0.291666667 0.833333333
vt 0.312500000 0.833333333
vt 0.333333333 0.833333333
vt 0.354166667 0.833333333
vt 0.375000000 0.833333333
vt 0.395833333 0.833333333
vt 0.416666667 0.833333333
vt 0.437500000 0.833333333
vt 0.458333333 0.833333333
vt 0.479166667 0.833333333
vt 0.500000000 0.833333333
vt 0.520833333 0.833333333
vt 0.541666667 0.833333333
vt 0.562500000 0.833333333
vt 0.583333333 0.833333333
vt 0.604166667 0.833333333
vt 0.625000000 0.833333333
vt 0.645833333 0.833333333
vt 0.666666667 0.833333333
vt 0.687500000 0.833333333
vt 0.708333333 0.833333333
vt 0.729166667 0.833333333
vt 0.750000000 0.833333333
vt 0.770833333 0.833333333
vt 0.791666667 0.833333333
vt 0.812500000 0.833333333
vt 0.833333333 0.833333333
vt 0.854166667 0.833333333
vt 0.875000000 0.833333333
vt 0.895833333 0.833333333
vt 0.916666667 0.833333333
vt 0.937500000 0.833333333
vt 0.958333333 0.833333333
vt 0.979166667 0.833333333
vt 1.000000000 0.833333333
vt 0.000000000 0.791666667
vt 0.020833333 0.791666667
vt 0.041666667 0.791666667
vt 0.062500000 0.791666667
vt 0.083333333 0.791666667
vt 0.104166667 0.791666667
vt 0.125000000 0.791666667
vt 0.145833333 0.791666667
vt 0.166666667 0.791666667
vt 0.187500000 0.791666667
vt 0.208333333 0.791666667
vt 0.229166667 0.791666667
vt 0.250000000 0.791666667
vt 0.270833333 0.791666667
vt 0.291666667 0.791666667
vt 0.312500000 0.791666667
vt 0.333333333 0.791666667
vt 0.354166667 0.791666667
vt 0.375000000 0.791666667
vt 0.395833333 0.791666667
vt 0.416666667 0.791666667
vt 0.437500000 0.791666667
vt 0.458333333 0.791666667
vt 0.479166667 0.791666667
vt 0.500000000 0.791666667
vt 0.520833333 0.791666667
vt 0.541666667 0.791666667
vt 0.562500000 0.791666667
vt 0.583333333 0.791666667
vt 0.604166667 0.791666667
vt 0.625000000 0.791666667
vt 0.645833333 0.791666667
vt 0.666666667 0.791666667
vt 0.687500000 0.791666667
vt 0.708333333 0.791666667
vt 0.729166667 0.791666667
vt 0.750000000 0.791666667
vt 0.770833333 0.791666667
vt 0.791666667 0.791666667
vt 0.812500000 0.791666667
vt 0.833333333 0.791666667
vt 0.854166667 0.791666667
vt 0.875000000 0.791666667
vt 0.895833333 0.791666667
vt 0.916666667 0.791666667
vt 0.937500000 0.791666667
vt 0.958333333 0.791666667
vt 0.979166667 0.791666667
vt 1.000000000 0.791666667
vt 0.000000000 0.750000000
vt 0.020833333 0.750000000
vt 0.041666667 0.750000000
vt 0.062500000 0.750000000
vt 0.083333333 0.750000000
vt 0.104166667 0.750000000
vt 0.125000000 0.750000000
vt 0.145833333 0.750000000
vt 0.166666667 0.750000000
vt 0.187500000 0.750000000
vt 0.208333333 0.750000000
vt 0.229166667 0.750000000
vt 0.250000000 0.750000000
vt 0.270833333 0.750000000
vt 0.291666667 0.750000000
vt 0.312500000 0.750000000
vt 0.333333333 0.750000000
vt 0.354166667 0.750000000
vt 0.375000000 0.750000000
vt 0.395833333 0.750000000
vt 0.416666667 0.750000000
vt 0.437500000 0.750000000
vt 0.458333333 0.750000000
vt 0.479166667 0.750000000
vt 0.500000000 0.750000000
vt 0.520833333 0.750000000
vt 0.541666667 0.750000000
vt 0.562500000 0.750000000
vt 0.583333333 0.750000000
vt 0.604166667 0.750000000
vt 0.625000000 0.750000000
vt 0.645833333 0.750000000
vt 0.666666667 0.750000000
vt 0.687500000 0.750000000
vt 0.708333333 0.750000000
vt 0.729166667 0.750000000
vt 0.750000000 0.750000000
vt 0.770833333 0.750000000
vt 0.791666667 0.750000000
vt 0.812500000 0.750000000
vt 0.833333333 0.750000000
vt 0.854166667 0.750000000
vt 0.875000000 0.750000000
vt 0.895833333 0.750000000
vt 0.916666667 0.750000000
vt 0.937500000 0.750000000
vt 0.958333333 0.750000000
vt 0.979166667 0.750000000
vt 1.000000000 0.750000000
vt 0.000000000 0.708333333
vt 0.020833333 0.708333333
vt 0.041666667 0.708333333
vt 0.062500000 0.708333333
vt 0.083333333 0.708333333
vt 0.104166667 0.708333333
vt 0.125000000 0.708333333
vt 0.145833333 0.708333333
vt 0.166666667 0.708333333
vt 0.187500000 0.708333333
vt 0.208333333 0.708333333
vt 0.229166667 0.708333333
vt 0.250000000 0.708333333
vt 0.270833333 0.708333333
vt 0.291666667 0.708333333
vt 0.312500000 0.708333333
vt 0.333333333 0.708333333
vt 0.354166667 0.708333333
vt 0.375000000 0.708333333
vt 0.395833333 0.708333333
vt 0.416666667 0.708333333
vt 0.437500000 0.708333333
vt 0.458333333 0.708333333
vt 0.479166667 0.708333333
vt 0.500000000 0.708333333
vt 0.520833333 0.708333333
vt 0.541666667 0.708333333
vt 0.562500000 0.708333333
vt 0.583333333 0.708333333
vt 0.604166667 0.708333333
vt 0.625000000 0.708333333
vt 0.645833333 0.708333333
vt 0.666666667 0.708333333
vt 0.687500000 0.708333333
vt 0.708333333 0.708333333
vt 0.729166667 0.708333333
vt 0.750000000 0.708333333
vt 0.770833333 0.708333333
vt 0.791666667 0.708333333
vt 0.812500000 0.708333333
vt 0.833333333 0.708333333
vt 0.854166667 0.708333333
vt 0.875000000 0.708333333
vt 0.895833333 0.708333333
vt 0.916666667 0.708333333
vt 0.937500000 0.708333333
vt 0.958333333 0.708333333
vt 0.979166667 0.708333333
vt 1.000000000 0.708333333
vt 0.000000000 0.666666667
vt 0.020833333 0.666666667
vt 0.041666667 0.666666667
vt 0.062500000 0.666666667
vt 0.083333333 0.666666667
vt 0.104166667 0.666666667
vt 0.125000000 0.666666667
vt 0.145833333 0.666666667
vt 0.166666667 0.666666667
vt 0.187500000 0.666666667
vt 0.208333333 0.666666667
vt 0.229166667 0.666666667
vt 0.250000000 0.666666667
vt 0.270833333 0.666666667
vt 0.291666667 0.666666667
vt 0.312500000 0.666666667
vt 0.333333333 0.666666667
vt 0.354166667 0.666666667
vt 0.375000000 0.666666667
vt 0.395833333 0.666666667
vt 0.416666667 0.666666667
vt 0.437500000 0.666666667
vt 0.458333333 0.666666667
vt 0.479166667 0.666666667
vt 0.500000000 0.666666667
vt 0.520833333 0.666666667
vt 0.541666667 0.666666667
vt 0.562500000 0.666666667
vt 0.583333333 0.666666667
vt 0.604166667 0.666666667
vt 0.625000000 0.666666667
vt 0.645833333 0.666666667
vt 0.666666667 0.666666667
vt 0.687500000 0.666666667
vt 0.708333333 0.666666667
vt 0.729166667 0.666666667
vt 0.750000000 0.666666667
vt 0.770833333 0.666666667
vt 0.791666667 0.666666667
vt 0.812500000 0.666666667
vt 0.833333333 0.666666667
vt 0.854166667 0.666666667
vt 0.875000000 0.666666667
vt 0.895833333 0.666666667
vt 0.916666667 0.666666667
vt 0.937500000 0.666666667
vt 0.958333333 0.666666667
vt 0.979166667 0.666666667
vt 1.000000000 0.666666667
vt 0.000000000 0.625000000
vt 0.020833333 0.625000000
vt 0.041666667 0.625000000
vt 0.062500000 0.625000000
vt 0.083333333 0.625000000
vt 0.104166667 0.625000000
vt 0.125000000 0.625000000
vt 0.145833333 0.625000000
vt 0.166666667 0.625000000
vt 0.187500000 0.625000000
vt 0.208333333 0.625000000
vt 0.229166667 0.625000000
vt 0.250000000 0.625000000
vt 0.270833333 0.625000000
vt 0.291666667 0.625000000
vt 0.312500000 0.625000000
vt 0.333333333 0.625000000
vt 0.354166667 0.625000000
vt 0.375000000 0.625000000
vt 0.395833333 0.625000000
vt 0.416666667 0.625000000
vt 0.437500000 0.625000000
vt 0.458333333 0.625000000
vt 0.479166667 0.625000000
vt 0.500000000 0.625000000
vt 0.520833333 0.625000000
vt 0.541666667 0.625000000
vt 0.562500000 0.625000000
vt 0.583333333 0.625000000
vt 0.604166667 0.625000000
vt 0.625000000 0.625000000
vt 0.645833333 0.625000000
vt 0.666666667 0.625000000
vt 0.687500000 0.625000000
vt 0.708333333 0.625000000
vt 0.729166667 0.625000000
vt 0.750000000 0.625000000
vt 0.770833333 0.625000000
vt 0.791666667 0.625000000
vt 0.812500000 0.625000000
vt 0.833333333 0.625000000
vt 0.854166667 0.625000000
vt 0.875000000 0.625000000
vt 0.895833333 0.625000000
vt 0.916666667 0.625000000
vt 0.937500000 0.625000000
vt 0.958333333 0.625000000
vt 0.979166667 0.625000000
vt 1.000000000 0.625000000
vt 0.000000000 0.583333333
vt 0.020833333 0.583333333
vt 0.041666667 0.583333333
vt 0.062500000 0.583333333
vt 0.083333333 0.583333333
vt 0.104166667 0.583333333
vt 0.125000000 0.583333333
vt 0.145833333 0.583333333
vt 0.166666667 0.583333333
vt 0.187500000 0.583333333
vt 0.208333333 0.583333333
vt 0.229166667 0.583333333
vt 0.250000000 0.583333333
vt 0.270833333 0.583333333
vt 0.291666667 0.583333333
vt 0.312500000 0.583333333
vt 0.333333333 0.583333333
vt 0.354166667 0.583333333
vt 0.375000000 0.583333333
vt 0.395833333 0.583333333
vt 0.416666667 0.583333333
vt 0.437500000 0.583333333
vt 0.458333333 0.583333333
vt 0.479166667 0.583333333
vt 0.500000000 0.583333333
vt 0.520833333 0.583333333
vt 0.541666667 0.583333333
vt 0.562500000 0.583333333
vt 0.583333333 0.583333333
vt 0.604166667 0.583333333
vt 0.625000000 0.583333333
vt 0.645833333 0.583333333
vt 0.666666667 0.583333333
vt 0.687500000 0.583333333
vt 0.708333333 0.583333333
vt 0.729166667 0.583333333
vt 0.750000000 0.583333333
vt 0.770833333 0.583333333
vt 0.791666667 0.583333333
vt 0.812500000 0.583333333
vt 0.833333333 0.583333333
vt 0.854166667 0.583333333
vt 0.875000000 0.583333333
vt 0.895833333 0.583333333
vt 0.916666667 0.583333333
vt 0.937500000 0.583333333
vt 0.958333333 0.583333333
vt 0.979166667 0.583333333
vt 1.000000000 0.583333333
vt 0.000000000 0.541666667
vt 0.020833333 0.541666667
vt 0.041666667 0.541666667
vt 0.062500000 0.541666667
vt 0.083333333 0.541666667
vt 0.104166667 0.541666667
vt 0.125000000 0.541666667
vt 0.145833333 0.541666667
vt 0.166666667 0.541666667
vt 0.187500000 0.541666667
vt 0.208333333 0.541666667
vt 0.229166667 0.541666667
vt 0.250000000 0.541666667
vt 0.270833333 0.541666667
vt 0.291666667 0.541666667
vt 0.312500000 0.541666667
vt 0.333333333 0.541666667
vt 0.354166667 0.541666667
vt 0.375000000 0.541666667
vt 0.395833333 0.541666667
vt 0.416666667 0.541666667
vt 0.437500000 0.541666667
vt 0.458333333 0.541666667
vt 0.479166667 0.541666667
vt 0.500000000 0.541666667
vt 0.520833333 0.541666667
vt 0.541666667 0.541666667
vt 0.562500000 0.541666667
vt 0.583333333 0.541666667
vt 0.604166667 0.541666667
vt 0.625000000 0.541666667
vt 0.645833333 0.541666667
vt 0.666666667 0.541666667
vt 0.687500000 0.541666667
vt 0.708333333 0.541666667
vt 0.729166667 0.541666667
vt 0.750000000 0.541666667
vt 0.770833333 0.541666667
vt 0.791666667 0.541666667
vt 0.812500000 0.541666667
vt 0.833333333 0.541666667
vt 0.854166667 0.541666667
vt 0.875000000 0.541666667
vt 0.895833333 0.541666667
vt 0.916666667 0.541666667
vt 0.937500000 0.541666667
vt 0.958333333 0.541666667
vt 0.979166667 0.541666667
vt 1.000000000 0.541666667
vt 0.000000000 0.500000000
vt 0.020833333 0.500000000
vt 0.041666667 0.500000000
vt 0.062500000 0.500000000
vt 0.083333333 0.500000000
vt 0.104166667 0.500000000
vt 0.125000000 0.500000000
vt 0.145833333 0.500000000
vt 0.166666667 0.500000000
vt 0.187500000 0.500000000
vt 0.208333333 0.500000000
vt 0.229166667 0.500000000
vt 0.250000000 0.500000000
vt 0.270833333 0.500000000
vt 0.291666667 0.500000000
vt 0.312500000 0.500000000
vt 0.333333333 0.500000000
vt 0.354166667 0.500000000
vt 0.375000000 0.500000000
vt 0.395833333 0.500000000
vt 0.416666667 0.500000000
vt 0.437500000 0.500000000
vt 0.458333333 0.500000000
vt 0.479166667 0.500000000
vt 0.500000000 0.500000000
vt 0.520833333 0.500000000
vt 0.541666667 0.500000000
vt 0.562500000 0.500000000
vt 0.583333333 0.500000000
vt 0.604166667 0.500000000
vt 0.625000000 0.500000000
vt 0.645833333 0.500000000
vt 0.666666667 0.500000000
vt 0.687500000 0.500000000
vt 0.708333333 0.500000000
vt 0.729166667 0.500000000
vt 0.750000000 0.500000000
vt 0.770833333 0.500000000
vt 0.791666667 0.500000000
vt 0.812500000 0.500000000
vt 0.833333333 0.500000000
vt 0.854166667 0.500000000
vt 0.875000000 0.500000000
vt 0.895833333 0.500000000
vt 0.916666667 0.500000000
vt 0.937500000 0.500000000
vt 0.958333333 0.500000000
vt 0.979166667 0.500000000
vt 1.000000000 0.500000000
vt 0.000000000 0.458333333
vt 0.020833333 0.458333333
vt 0.041666667 0.458333333
vt 0.062500000 0.458333333
vt 0.083333333 0.458333333
vt 0.104166667 0.458333333
vt 0.125000000 0.458333333
vt 0.145833333 0.458333333
vt 0.166666667 0.458333333
vt 0.187500000 0.458333333
vt 0.208333333 0.458333333
vt 0.229166667 0.458333333
vt 0.250000000 0.458333333
vt 0.270833333 0.458333333
vt 0.291666667 0.458333333
vt 0.312500000 0.458333333
vt 0.333333333 0.458333333
vt 0.354166667 0.458333333
vt 0.375000000 0.458333333
vt 0.395833333 0.458333333
vt 0.416666667 0.458333333
vt 0.437500000 0.458333333
vt 0.458333333 0.458333333
vt 0.479166667 0.458333333
vt 0.500000000 0.458333333
vt 0.520833333 0.458333333
vt 0.541666667 0.458333333
vt 0.562500000 0.458333333
vt 0.583333333 0.458333333
vt 0.604166667 0.458333333
vt 0.625000000 0.458333333
vt 0.645833333 0.458333333
vt 0.666666667 0.458333333
vt 0.687500000 0.458333333
vt 0.708333333 0.458333333
vt 0.729166667 0.458333333
vt 0.750000000 0.458333333
vt 0.770833333 0.458333333
vt 0.791666667 0.458333333
vt 0.812500000 0.458333333
vt 0.833333333 0.458333333
vt 0.854166667 0.458333333
vt 0.875000000 0.458333333
vt 0.895833333 0.458333333
vt 0.916666667 0.458333333
vt 0.937500000 0.458333333
vt 0.958333333 0.458333333
vt 0.979166667 0.458333333
vt 1.000000000 0.458333333
vt 0.000000000 0.416666667
vt 0.020833333 0.416666667
vt 0.041666667 0.416666667
vt 0.062500000 0.416666667
vt 0.083333333 0.416666667
vt 0.104166667 0.416666667
vt 0.125000000 0.416666667
vt 0.145833333 0.416666667
vt 0.166666667 0.416666667
vt 0.187500000 0.416666667
vt 0.208333333 0.416666667
vt 0.229166667 0.416666667
vt 0.250000000 0.416666667
vt 0.270833333 0.416666667
vt 0.291666667 0.416666667
vt 0.312500000 0.416666667
vt 0.333333333 0.416666667
vt 0.354166667 0.416666667
vt 0.375000000 0.416666667
vt 0.395833333 0.416666667
vt 0.416666667 0.416666667
vt 0.437500000 0.416666667
vt 0.458333333 0.416666667
vt 0.479166667 0.416666667
vt 0.500000000 0.416666667
vt 0.520833333 0.416666667
vt 0.541666667 0.416666667
vt 0.562500000 0.416666667
vt 0.583333333 0.416666667
vt 0.604166667 0.416666667
vt 0.625000000 0.416666667
vt 0.645833333 0.416666667
vt 0.666666667 0.416666667
vt 0.687500000 0.416666667
vt 0.708333333 0.416666667
vt 0.729166667 0.416666667
vt 0.750000000 0.416666667
vt 0.770833333 0.416666667
vt 0.791666667 0.416666667
vt 0.812500000 0.416666667
vt 0.833333333 0.416666667
vt 0.854166667 0.416666667
vt 0.875000000 0.416666667
vt 0.895833333 0.416666667
vt 0.916666667 0.416666667
vt 0.937500000 0.416666667
vt 0.958333333 0.416666667
vt 0.979166667 0.416666667
vt 1.000000000 0.416666667
vt 0.000000000 0.375000000
vt 0.020833333 0.375000000
vt 0.041666667 0.375000000
vt 0.062500000 0.375000000
vt 0.083333333 0.375000000
vt 0.104166667 0.375000000
vt 0.125000000 0.375000000
vt 0.145833333 0.375000000
vt 0.166666667 0.375000000
vt 0.187500000 0.375000000
vt 0.208333333 0.375000000
vt 0.229166667 0.375000000
vt 0.250000000 0.375000000
vt 0.270833333 0.375000000
vt 0.291666667 0.375000000
vt 0.312500000 0.375000000
vt 0.333333333 0.375000000
vt 0.354166667 0.375000000
vt 0.375000000 0.375000000
vt 0.395833333 0.375000000
vt 0.416666667 0.375000000
vt 0.437500000 0.375000000
vt 0.458333333 0.375000000
vt 0.479166667 0.375000000
vt 0.500000000 0.375000000
vt 0.520833333 0.375000000
vt 0.541666667 0.375000000
vt 0.562500000 0.375000000
vt 0.583333333 0.375000000
vt 0.604166667 0.375000000
vt 0.625000000 0.375000000
vt 0.645833333 0.375000000
vt 0.666666667 0.375000000
vt 0.687500000 0.375000000
vt 0.708333333 0.375000000
vt 0.729166667 0.375000000
vt 0.750000000 0.375000000
vt 0.770833333 0.375000000
vt 0.791666667 0.375000000
vt 0.812500000 0.375000000
vt 0.833333333 0.375000000
vt 0.854166667 0.375000000
vt 0.875000000 0.375000000
vt 0.895833333 0.375000000
vt 0.916666667 0.375000000
vt 0.937500000 0.375000000
vt 0.958333333 0.375000000
vt 0.979166667 0.375000000
vt 1.000000000 0.375000000
vt 0.000000000 0.333333333
vt 0.020833333 0.333333333
vt 0.041666667 0.333333333
vt 0.062500000 0.333333333
vt 0.083333333 0.333333333
vt 0.104166667 0.333333333
vt 0.125000000 0.333333333
vt 0.145833333 0.333333333
vt 0.166666667 0.333333333
vt 0.187500000 0.333333333
vt 0.208333333 0.333333333
vt 0.229166667 0.333333333
vt 0.250000000 0.333333333
vt 0.270833333 0.333333333
vt 0.291666667 0.333333333
vt 0.312500000 0.333333333
vt 0.333333333 0.333333333
vt 0.354166667 0.333333333
vt 0.375000000 0.333333333
vt 0.395833333 0.333333333
vt 0.416666667 0.333333333
vt 0.437500000 0.333333333
vt 0.458333333 0.333333333
vt 0.479166667 0.333333333
vt 0.500000000 0.333333333
vt 0.520833333 0.333333333
vt 0.541666667 0.333333333
vt 0.562500000 0.333333333
vt 0.583333333 0.333333333
vt 0.604166667 0.333333333
vt 0.625000000 0.333333333
vt 0.645833333 0.333333333
vt 0.666666667 0.333333333
vt 0.687500000 0.333333333
vt 0.708333333 0.333333333
vt 0.729166667 0.333333333
vt 0.750000000 0.333333333
vt 0.770833333 0.333333333
vt 0.791666667 0.333333333
vt 0.812500000 0.333333333
vt 0.833333333 0.333333333
vt 0.854166667 0.333333333
vt 0.875000000 0.333333333
vt 0.895833333 0.333333333
vt 0.916666667 0.333333333
vt 0.937500000 0.333333333
vt 0.958333333 0.333333333
vt 0.979166667 0.333333333
vt 1.000000000 0.333333333
vt 0.000000000 0.291666667
vt 0.020833333 0.291666667
vt 0.041666667 0.291666667
vt 0.062500000 0.291666667
vt 0.083333333 0.291666667
vt 0.104166667 0.291666667
vt 0.125000000 0.291666667
vt 0.145833333 0.291666667
vt 0.166666667 0.291666667
vt 0.187500000 0.291666667
vt 0.208333333 0.291666667
vt 0.229166667 0.291666667
vt 0.250000000 0.291666667
vt 0.270833333 0.291666667
vt 0.291666667 0.291666667
vt 0.312500000 0.291666667
vt 0.333333333 0.291666667
vt 0.354166667 0.291666667
vt 0.375000000 0.291666667
vt 0.395833333 0.291666667
vt 0.416666667 0.291666667
vt 0.437500000 0.291666667
vt 0.458333333 0.291666667
vt 0.479166667 0.291666667
vt 0.500000000 0.291666667
vt 0.520833333 0.291666667
vt 0.541666667 0.291666667
vt 0.562500000 0.291666667
vt 0.583333333 0.291666667
vt 0.604166667 0.291666667
vt 0.625000000 0.291666667
vt 0.645833333 0.291666667
vt 0.666666667 0.291666667
vt 0.687500000 0.291666667
vt 0.708333333 0.291666667
vt 0.729166667 0.291666667
vt 0.750000000 0.291666667
vt 0.770833333 0.291666667
vt 0.791666667 0.291666667
vt 0.812500000 0.291666667
vt 0.833333333 0.291666667
vt 0.854166667 0.291666667
vt 0.875000000 0.291666667
vt 0.895833333 0.291666667
vt 0.916666667 0.291666667
vt 0.937500000 0.291666667
vt 0.958333333 0.291666667
vt 0.979166667 0.291666667
vt 1.000000000 0.291666667
vt 0.000000000 0.250000000
vt 0.020833333 0.250000000
vt 0.041666667 0.250000000
vt 0.062500000 0.250000000
vt 0.083333333 0.250000000
vt 0.104166667 0.250000000
vt 0.125000000 0.250000000
vt 0.145833333 0.250000000
vt 0.166666667 0.250000000
vt 0.187500000 0.250000000
vt 0.208333333 0.250000000
vt 0.229166667 0.250000000
vt 0.250000000 0.250000000
vt 0.270833333 0.250000000
vt 0.291666667 0.250000000
vt 0.312500000 0.250000000
vt 0.333333333 0.250000000
vt 0.354166667 0.250000000
vt 0.375000000 0.250000000
vt 0.395833333 0.250000000
vt 0.416666667 0.250000000
vt 0.437500000 0.250000000
vt 0.458333333 0.250000000
vt 0.479166667 0.250000000
vt 0.500000000 0.250000000
vt 0.520833333 0.250000000
vt 0.541666667 0.250000000
vt 0.562500000 0.250000000
vt 0.583333333 0.250000000
vt 0.604166667 0.250000000
vt 0.625000000 0.250000000
vt 0.645833333 0.250000000
vt 0.666666667 0.250000000
vt 0.687500000 0.250000000
vt 0.708333333 0.250000000
vt 0.729166667 0.250000000
vt 0.750000000 0.250000000
vt 0.770833333 0.250000000
vt 0.791666667 0.250000000
vt 0.812500000 0.250000000
vt 0.833333333 0.250000000
vt 0.854166667 0.250000000
vt 0.875000000 0.250000000
vt 0.895833333 0.250000000
vt 0.916666667 0.250000000
vt 0.937500000 0.250000000
vt 0.958333333 0.250000000
vt 0.979166667 0.250000000
vt 1.000000000 0.250000000
vt 0.000000000 0.208333333
vt 0.020833333 0.208333333
vt 0.041666667 0.208333333
vt 0.062500000 0.208333333
vt 0.083333333 0.208333333
vt 0.104166667 0.208333333
vt 0.125000000 0.208333333
vt 0.145833333 0.208333333
vt 0.166666667 0.208333333
vt 0.187500000 0.208333333
vt 0.208333333 0.208333333
vt 0.229166667 0.208333333
vt 0.250000000 0.208333333
vt 0.270833333 0.208333333
vt 0.291666667 0.208333333
vt 0.312500000 0.208333333
vt 0.333333333 0.208333333
vt 0.354166667 0.208333333
vt 0.375000000 0.208333333
vt 0.395833333 0.208333333
vt 0.416666667 0.208333333
vt 0.437500000 0.208333333
vt 0.458333333 0.208333333
vt 0.479166667 0.208333333
vt 0.500000000 0.208333333
vt 0.520833333 0.208333333
vt 0.541666667 0.208333333
vt 0.562500000 0.208333333
vt 0.583333333 0.208333333
vt 0.604166667 0.208333333
vt 0.625000000 0.208333333
vt 0.645833333 0.208333333
vt 0.666666667 0.208333333
vt 0.687500000 0.208333333
vt 0.708333333 0.208333333
vt 0.729166667 0.208333333
vt 0.750000000 0.208333333
vt 0.770833333 0.208333333
vt 0.791666667 0.208333333
vt 0.812500000 0.208333333
vt 0.833333333 0.208333333
vt 0.854166667 0.208333333
vt 0.875000000 0.208333333
vt 0.895833333 0.208333333
vt 0.916666667 0.208333333
vt 0.937500000 0.208333333
vt 0.958333333 0.208333333
vt 0.979166667 0.208333333
vt 1.000000000 0.208333333
vt 0.000000000 0.166666667
vt 0.020833333 0.166666667
vt 0.041666667 0.166666667
vt 0.062500000 0.166666667
vt 0.083333333 0.166666667
vt 0.104166667 0.166666667
vt 0.125000000 0.166666667
vt 0.145833333 0.166666667
vt 0.166666667 0.166666667
vt 0.187500000 0.166666667
vt 0.208333333 0.166666667
vt 0.229166667 0.166666667
vt 0.250000000 0.166666667
vt 0.270833333 0.166666667
vt 0.291666667 0.166666667
vt 0.312500000 0.166666667
vt 0.333333333 0.166666667
vt 0.354166667 0.166666667
vt 0.375000000 0.166666667
vt 0.395833333 0.166666667
vt 0.416666667 0.166666667
vt 0.437500000 0.166666667
vt 0.458333333 0.166666667
vt 0.479166667 0.166666667
vt 0.500000000 0.166666667
vt 0.520833333 0.166666667
vt 0.541666667 0.166666667
vt 0.562500000 0.166666667
vt 0.583333333 0.166666667
vt 0.604166667 0.166666667
vt 0.625000000 0.166666667
vt 0.645833333 0.166666667
vt 0.666666667 0.166666667
vt 0.687500000 0.166666667
vt 0.708333333 0.166666667
vt 0.729166667 0.166666667
vt 0.750000000 0.166666667
vt 0.770833333 0.166666667
vt 0.791666667 0.166666667
vt 0.812500000 0.166666667
vt 0.833333333 0.166666667
vt 0.854166667 0.166666667
vt 0.875000000 0.166666667
vt 0.895833333 0.166666667
vt 0.916666667 0.166666667
vt 0.937500000 0.166666667
vt 0.958333333 0.166666667
vt 0.979166667 0.166666667
vt 1.000000000 0.166666667
vt 0.000000000 0.125000000
vt 0.020833333 0.125000000
vt 0.041666667 0.125000000
vt 0.062500000 0.125000000
vt 0.083333333 0.125000000
vt 0.104166667 0.125000000
vt 0.125000000 0.125000000
vt 0.145833333 0.125000000
vt 0.166666667 0.125000000
vt 0.187500000 0.125000000
vt 0.208333333 0.125000000
vt 0.229166667 0.125000000
vt 0.250000000 0.125000000
vt 0.270833333 0.125000000
vt 0.291666667 0.125000000
vt 0.312500000 0.125000000
vt 0.333333333 0.125000000
vt 0.354166667 0.125000000
vt 0.375000000 0.125000000
vt 0.395833333 0.125000000
vt 0.416666667 0.125000000
vt 0.437500000 0.125000000
vt 0.458333333 0.125000000
vt 0.479166667 0.125000000
vt 0.500000000 0.125000000
vt 0.520833333 0.125000000
vt 0.541666667 0.125000000
vt 0.562500000 0.125000000
vt 0.583333333 0.125000000
vt 0.604166667 0.125000000
vt 0.625000000 0.125000000
vt 0.645833333 0.125000000
vt 0.666666667 0.125000000
vt 0.687500000 0.125000000
vt 0.708333333 0.125000000
vt 0.729166667 0.125000000
vt 0.750000000 0.125000000
vt 0.770833333 0.125000000
vt 0.791666667 0.125000000
vt 0.812500000 0.125000000
vt 0.833333333 0.125000000
vt 0.854166667 0.125000000
vt 0.875000000 0.125000000
vt 0.895833333 0.125000000
vt 0.916666667 0.125000000
vt 0.937500000 0.125000000
vt 0.958333333 0.125000000
vt 0.979166667 0.125000000
vt 1.000000000 0.125000000
vt 0.000000000 0.083333333
vt 0.020833333 0.083333333
vt 0.041666667 0.083333333
vt 0.062500000 0.083333333
vt 0.083333333 0.083333333
vt 0.104166667 0.083333333
vt 0.125000000 0.083333333
vt 0.145833333 0.083333333
vt 0.166666667 0.083333333
vt 0.187500000 0.083333333
vt 0.208333333 0.083333333
vt 0.229166667 0.083333333
vt 0.250000000 0.083333333
vt 0.270833333 0.083333333
vt 0.291666667 0.083333333
vt 0.312500000 0.083333333
vt 0.333333333 0.083333333
vt 0.354166667 0.083333333
vt 0.375000000 0.083333333
vt 0.395833333 0.083333333
vt 0.416666667 0.083333333
vt 0.437500000 0.083333333
vt 0.458333333 0.083333333
vt 0.479166667 0.083333333
vt 0.500000000 0.083333333
vt 0.520833333 0.083333333
vt 0.541666667 0.083333333
vt 0.562500000 0.083333333
vt 0.583333333 0.083333333
vt 0.604166667 0.083333333
vt 0.625000000 0.083333333
vt 0.645833333 0.083333333
vt 0.666666667 0.083333333
vt 0.687500000 0.083333333
vt 0.708333333 0.083333333
vt 0.729166667 0.083333333
vt 0.750000000 0.083333333
vt 0.770833333 0.083333333
vt 0.791666667 0.083333333
vt 0.812500000 0.083333333
vt 0.833333333 0.083333333
vt 0.854166667 0.083333333
vt 0.875000000 0.083333333
vt 0.895833333 0.083333333
vt 0.916666667 0.083333333
vt 0.937500000 0.083333333
vt 0.958333333 0.083333333
vt 0.979166667 0.083333333
vt 1.000000000 0.083333333
vt 0.000000000 0.041666667
vt 0.020833333 0.041666667
vt 0.041666667 0.041666667
vt 0.062500000 0.041666667
vt 0.083333333 0.041666667
vt 0.104166667 0.041666667
vt 0.125000000 0.041666667
vt 0.145833333 0.041666667
vt 0.166666667 0.041666667
vt 0.187500000 0.041666667
vt 0.208333333 0.041666667
vt 0.229166667 0.041666667
vt 0.250000000 0.041666667
vt 0.270833333 0.041666667
vt 0.291666667 0.041666667
vt 0.312500000 0.041666667
vt 0.333333333 0.041666667
vt 0.354166667 0.041666667
vt 0.375000000 0.041666667
vt 0.395833333 0.041666667
vt 0.416666667 0.041666667
vt 0.437500000 0.041666667
vt 0.458333333 0.041666667
vt 0.479166667 0.041666667
vt 0.500000000 0.041666667
vt 0.520833333 0.041666667
vt 0.541666667 0.041666667
vt 0.562500000 0.041666667
vt 0.583333333 0.041666667
vt 0.604166667 0.041666667
vt 0.625000000 0.041666667
vt 0.645833333 0.041666667
vt 0.666666667 0.041666667
vt 0.687500000 0.041666667
vt 0.708333333 0.041666667
vt 0.729166667 0.041666667
vt 0.750000000 0.041666667
vt 0.770833333 0.041666667
vt 0.791666667 0.041666667
vt 0.812500000 0.041666667
vt 0.833333333 0.041666667
vt 0.854166667 0.041666667
vt 0.875000000 0.041666667
vt 0.895833333 0.041666667
vt 0.916666667 0.041666667
vt 0.937500000 0.041666667
vt 0.958333333 0.041666667
vt 0.979166667 0.041666667
vt 1.000000000 0.041666667
vt 0.000000000 0.000000000
vt 0.020833333 0.000000000
vt 0.041666667 0.000000000
vt 0.062500000 0.000000000
vt 0.083333333 0.000000000
vt 0.104166667 0.000000000
vt 0.125000000 0.000000000
vt 0.145833333 0.000000000
vt 0.166666667 0.000000000
vt 0.187500000 0.000000000
vt 0.208333333 0.000000000
vt 0.229166667 0.000000000
vt 0.250000000 0.000000000
vt 0.270833333 0.000000000
vt 0.291666667 0.000000000
vt 0.312500000 0.000000000
vt 0.333333333 0.000000000
vt 0.354166667 0.000000000
vt 0.375000000 0.000000000
vt 0.395833333 0.000000000
vt 0.416666667 0.000000000
vt 0.437500000 0.000000000
vt 0.458333333 0.000000000
vt 0.479166667 0.000000000
vt 0.500000000 0.000000000
vt 0.520833333 0.000000000
vt 0.541666667 0.000000000
vt 0.562500000 0.000000000
vt 0.583333333 0.000000000
vt 0.604166667 0.000000000
vt 0.625000000 0.000000000
vt 0.645833333 0.000000000
vt 0.666666667 0.000000000
vt 0.687500000 0.000000000
vt 0.708333333 0.000000000
vt 0.729166667 0.000000000
vt 0.750000000 0.000000000
vt 0.770833333 0.000000000
vt 0.791666667 0.000000000
vt 0.812500000 0.000000000
vt 0.833333333 0.000000000
vt 0.854166667 0.000000000
vt 0.875000000 0.000000000
vt 0.895833333 0.000000000
vt 0.916666667 0.000000000
vt 0.937500000 0.000000000
vt 0.958333333 0.000000000
vt 0.979166667 0.000000000
vt 1.000000000 0.000000000
f 1/2/1 3/51/3 2/50/2
f 1/3/1 4/52/4 3/51/3
f 1/4/1 5/53/5 4/52/4
f 1/5/1 6/54/6 5/53/5
f 1/6/1 7/55/7 6/54/6
f 1/7/1 8/56/8 7/55/7
f 1/8/1 9/57/9 8/56/8
f 1/9/1 10/58/10 9/57/9
f 1/10/1 11/59/11 10/58/10
f 1/11/1 12/60/12 11/59/11
f 1/12/1 13/61/13 12/60/12
f 1/13/1 14/62/14 13/61/13
f 1/14/1 15/63/15 14/62/14
f 1/15/1 16/64/16 15/63/15
f 1/16/1 17/65/17 16/64/16
f 1/17/1 18/66/18 17/65/17
f 1/18/1 19/67/19 18/66/18
f 1/19/1 20/68/20 19/67/19
f 1/20/1 21/69/21 20/68/20
f 1/21/1 22/70/22 21/69/21
f 1/22/1 23/71/23 22/70/22
f 1/23/1 24/72/24 23/71/23
f 1/24/1 25/73/25 24/72/24
f 1/25/1 26/74/26 25/73/25
f 1/26/1 27/75/27 26/74/26
f 1/27/1 28/76/28 27/75/27
f 1/28/1 29/77/29 28/76/28
f 1/29/1 30/78/30 29/77/29
f 1/30/1 31/79/31 30/78/30
f 1/31/1 32/80/32 31/79/31
f 1/32/1 33/81/33 32/80/32
f 1/33/1 34/82/34 33/81/33
f 1/34/1 35/83/35 34/82/34
f 1/35/1 36/84/36 35/83/35
f 1/36/1 37/85/37 36/84/36
f 1/37/1 38/86/38 37/85/37
f 1/38/1 39/87/39 38/86/38
f 1/39/1 40/88/40 39/87/39
f 1/40/1 41/89/41 40/88/40
f 1/41/1 42/90/42 41/89/41
f 1/42/1 43/91/43 42/90/42
f 1/43/1 44/92/44 43/91/43
f 1/44/1 45/93/45 44/92/44
f 1/45/1 46/94/46 45/93/45
f 1/46/1 47/95/47 46/94/46
f 1/47/1 48/96/48 47/95/47
f 1/48/1 49/97/49 48/96/48
f 1/49/1 2/98/2 49/97/49
f 2/50/2 3/51/3 50/99/50
f 3/51/3 51/100/51 50/99/50
f 3/51/3 4/52/4 51/100/51
f 4/52/4 52/101/52 51/100/51
f 4/52/4 5/53/5 52/101/52
f 5/53/5 53/102/53 52/101/52
f 5/53/5 6/54/6 53/102/53
f 6/54/6 54/103/54 53/102/53
f 6/54/6 7/55/7 54/103/54
f 7/55/7 55/104/55 54/103/54
f 7/55/7 8/56/8 55/104/55
f 8/56/8 56/105/56 55/104/55
f 8/56/8 9/57/9 56/105/56
f 9/57/9 57/106/57 56/105/56
f 9/57/9 10/58/10 57/106/57
f 10/58/10 58/107/58 57/106/57
f 10/58/10 11/59/11 58/107/58
f 11/59/11 59/108/59 58/107/58
f 11/59/11 12/60/12 59/108/59
f 12/60/12 60/109/60 59/108/59
f 12/60/12 13/61/13 60/109/60
f 13/61/13 61/110/61 60/109/60
f 13/61/13 14/62/14 61/110/61
f 14/62/14 62/111/62 61/110/61
f 14/62/14 15/63/15 62/111/62
f 15/63/15 63/112/63 62/111/62
f 15/63/15 16/64/16 63/112/63
f 16/64/16 64/113/64 63/112/63
f 16/64/16 17/65/17 64/113/64
f 17/65/17 65/114/65 64/113/64
f 17/65/17 18/66/18 65/114/65
f 18/66/18 66/115/66 65/114/65
f 18/66/18 19/67/19 66/115/66
f 19/67/19 67/116/67 66/115/66
f 19/67/19 20/68/20 67/116/67
f 20/68/20 68/117/68 67/116/67
f 20/68/20 21/69/21 68/117/68
f 21/69/21 69/118/69 68/117/68
f 21/69/21 22/70/22 69/118/69
f 22/70/22 70/119/70 69/118/69
f 22/70/22 23/71/23 70/119/70
f 23/71/23 71/120/71 70/119/70
f 23/71/23 24/72/24 71/120/71
f 24/72/24 72/121/72 71/120/71
f 24/72/24 25/73/25 72/121/72
f 25/73/25 73/122/73 72/121/72
f 25/73/25 26/74/26 73/122/73
f 26/74/26 74/123/74 73/122/73
f 26/74/26 27/75/27 74/123/74
f 27/75/27 75/124/75 74/123/74
f 27/75/27 28/76/28 75/124/75
f 28/76/28 76/125/76 75/124/75
f 28/76/28 29/77/29 76/125/76
f 29/77/29 77/126/77 76/125/76
f 29/77/29 30/78/30 77/126/77
f 30/78/30 78/127/78 77/126/77
f 30/78/30 31/79/31 78/127/78
f 31/79/31 79/128/79 78/127/78
f 31/79/31 32/80/32 79/128/79
f 32/80/32 80/129/80 79/128/79
f 32/80/32 33/81/33 80/129/80
f 33/81/33 81/130/81 80/129/80
f 33/81/33 34/82/34 81/130/81
f 34/82/34 82/131/82 81/130/81
f 34/82/34 35/83/35 82/131/82
f 35/83/35 83/132/83 82/131/82
f 35/83/35 36/84/36 83/132/83
f 36/84/36 84/133/84 83/132/83
f 36/84/36 37/85/37 84/133/84
f 37/85/37 85/134/85 84/133/84
f 37/85/37 38/86/38 85/134/85
f 38/86/38 86/135/86 85/134/85
f 38/86/38 39/87/39 86/135/86
f 39/87/39 87/136/87 86/135/86
f 39/87/39 40/88/40 87/136/87
f 40/88/40 88/137/88 87/136/87
f 40/88/40 41/89/41 88/137/88
f 41/89/41 89/138/89 88/137/88
f 41/89/41 42/90/42 89/138/89
f 42/90/42 90/139/90 89/138/89
f 42/90/42 43/91/43 90/139/90
f 43/91/43 91/140/91 90/139/90
f 43/91/43 44/92/44 91/140/91
f 44/92/44 92/141/92 91/140/91
f 44/92/44 45/93/45 92/141/92
f 45/93/45 93/142/93 92/141/92
f 45/93/45 46/94/46 93/142/93
f 46/94/46 94/143/94 93/142/93
f 46/94/46 47/95/47 94/143/94
f 47/95/47 95/144/95 94/143/94
f 47/95/47 48/96/48 95/144/95
f 48/96/48 96/145/96 95/144/95
f 48/96/48 49/97/49 96/145/96
f 49/97/49 97/146/97 96/145/96
f 49/97/49 2/98/2 97/146/97
f 2/98/2 50/147/50 97/146/97
f 50/99/50 51/100/51 98/148/98
f 51/100/51 99/149/99 98/148/98
f 51/100/51 52/101/52 99/149/99
f 52/101/52 100/150/100 99/149/99
f 52/101/52 53/102/53 100/150/100
f 53/102/53 101/151/101 100/150/100
f 53/102/53 54/103/54 101/151/101
f 54/103/54 102/152/102 101/151/101
f 54/103/54 55/104/55 102/152/102
f 55/104/55 103/153/103 102/152/102
f 55/104/55 56/105/56 103/153/103
f 56/105/56 104/154/104 103/153/103
f 56/105/56 57/106/57 104/154/104
f 57/106/57 105/155/105 104/154/104
f 57/106/57 58/107/58 105/155/105
f 58/107/58 106/156/106 105/155/105
f 58/107/58 59/108/59 106/156/106
f 59/108/59 107/157/107 106/156/106
f 59/108/59 60/109/60 107/157/107
f 60/109/60 108/158/108 107/157/107
f 60/109/60 61/110/61 108/158/108
f 61/110/61 109/159/109 108/158/108
f 61/110/61 62/111/62 109/159/109
f 62/111/62 110/160/110 109/159/109
f 62/111/62 63/112/63 110/160/110
f 63/112/63 111/161/111 110/160/110
f 63/112/63 64/113/64 111/161/111
f 64/113/64 112/162/112 111/161/111
f 64/113/64 65/114/65 112/162/112
f 65/114/65 113/163/113 112/162/112
f 65/114/65 66/115/66 113/163/113
f 66/115/66 114/164/114 113/163/113
f 66/115/66 67/116/67 114/164/114
f 67/116/67 115/165/115 114/164/114
f 67/116/67 68/117/68 115/165/115
f 68/117/68 116/166/116 115/165/115
f 68/117/68 69/118/69 116/166/116
f 69/118/69 117/167/117 116/166/116
f 69/118/69 70/119/70 117/167/117
f 70/119/70 118/168/118 117/167/117
f 70/119/70 71/120/71 118/168/118
f 71/120/71 119/169/119 118/168/118
f 71/120/71 72/121/72 119/169/119
f 72/121/72 120/170/120 119/169/119
f 72/121/72 73/122/73 120/170/120
f 73/122/73 121/171/121 120/170/120
f 73/122/73 74/123/74 121/171/121
f 74/123/74 122/172/122 121/171/121
f 74/123/74 75/124/75 122/172/122
f 75/124/75 123/173/123 122/172/122
f 75/124/75 76/125/76 123/173/123
f 76/125/76 124/174/124 123/173/123
f 76/125/76 77/126/77 124/174/124
f 77/126/77 125/175/125 124/174/124
f 77/126/77 78/127/78 125/175/125
f 78/127/78 126/176/126 125/175/125
f 78/127/78 79/128/79 126/176/126
f 79/128/79 127/177/127 126/176/126
f 79/128/79 80/129/80 127/177/127
f 80/129/80 128/178/128 127/177/127
f 80/129/80 81/130/81 128/178/128
f 81/130/81 129/179/129 128/178/128
f 81/130/81 82/131/82 129/179/129
f 82/131/82 130/180/130 129/179/129
f 82/131/82 83/132/83 130/180/130
f 83/132/83 131/181/131 130/180/130
f 83/132/83 84/133/84 131/181/131
f 84/133/84 132/182/132 131/181/131
f 84/133/84 85/134/85 132/182/132
f 85/134/85 133/183/133 132/182/132
f 85/134/85 86/135/86 133/183/133
f 86/135/86 134/184/134 133/183/133
f 86/135/86 87/136/87 134/184/134
f 87/136/87 135/185/135 134/184/134
f 87/136/87 88/137/88 135/185/135
f 88/137/88 136/186/136 135/185/135
f 88/137/88 89/138/89 136/186/136
f 89/138/89 137/187/137 136/186/136
f 89/138/89 90/139/90 137/187/137
f 90/139/90 138/188/138 137/187/137
f 90/139/90 91/140/91 138/188/138
f 91/140/91 139/189/139 138/188/138
f 91/140/91 92/141/92 139/189/139
f 92/141/92 140/190/140 139/189/139
f 92/141/92 93/142/93 140/190/140
f 93/142/93 141/191/141 140/190/140
f 93/142/93 94/143/94 141/191/141
f 94/143/94 142/192/142 141/191/141
f 94/143/94 95/144/95 142/192/142
f 95/144/95 143/193/143 142/192/142
f 95/144/95 96/145/96 143/193/143
f 96/145/96 144/194/144 143/193/143
f 96/145/96 97/146/97 144/194/144
f 97/146/97 145/195/145 144/194/144
f 97/146/97 50/147/50 145/195/145
f 50/147/50 98/196/98 145/195/145
f 98/148/98 99/149/99 146/197/146
f 99/149/99 147/198/147 146/197/146
f 99/149/99 100/150/100 147/198/147
f 100/150/100 148/199/148 147/198/147
f 100/150/100 101/151/101 148/199/148
f 101/151/101 149/200/149 148/199/148
f 101/151/101 102/152/102 149/200/149
f 102/152/102 150/201/150 149/200/149
f 102/152/102 103/153/103 150/201/150
f 103/153/103 151/202/151 150/201/150
f 103/153/103 104/154/104 151/202/151
f 104/154/104 152/203/152 151/202/151
f 104/154/104 105/155/105 152/203/152
f 105/155/105 153/204/153 152/203/152
f 105/155/105 106/156/106 153/204/153
f 106/156/106 154/205/154 153/204/153
f 106/156/106 107/157/107 154/205/154
f 107/157/107 155/206/155 154/205/154
f 107/157/107 108/158/108 155/206/155
f 108/158/108 156/207/156 155/206/155
f 108/158/108 109/159/109 156/207/156
f 109/159/109 157/208/157 156/207/156
f 109/159/109 110/160/110 157/208/157
f 110/160/110 158/209/158 157/208/157
f 110/160/110 111/161/111 158/209/158
f 111/161/111 159/210/159 158/209/158
f 111/161/111 112/162/112 159/210/159
f 112/162/112 160/211/160 159/210/159
f 112/162/112 113/163/113 160/211/160
f 113/163/113 161/212/161 160/211/160
f 113/163/113 114/164/114 161/212/161
f 114/164/114 162/213/162 161/212/161
f 114/164/114 115/165/115 162/213/162
f 115/165/115 163/214/163 162/213/162
f 115/165/115 116/166/116 163/214/163
f 116/166/116 164/215/164 163/214/163
f 116/166/116 117/167/117 164/215/164
f 117/167/117 165/216/165 164/215/164
f 117/167/117 118/168/118 165/216/165
f 118/168/118 166/217/166 165/216/165
f 118/168/118 119/169/119 166/217/166
f 119/169/119 167/218/167 166/217/166
f 119/169/119 120/170/120 167/218/167
f 120/170/120 168/219/168 167/218/167
f 120/170/120 121/171/121 168/219/168
f 121/171/121 169/220/169 168/219/168
f 121/171/121 122/172/122 169/220/169
f 122/172/122 170/221/170 169/220/169
f 122/172/122 123/173/123 170/221/170
f 123/173/123 171/222/171 170/221/170
f 123/173/123 124/174/124 171/222/171
f 124/174/124 172/223/172 171/222/171
f 124/174/124 125/175/125 172/223/172
f 125/175/125 173/224/173 172/223/172
f 125/175/125 126/176/126 173/224/173
f 126/176/126 174/225/174 173/224/173
f 126/176/126 127/177/127 174/225/174
f 127/177/127 175/226/175 174/225/174
f 127/177/127 128/178/128 175/226/175
f 128/178/128 176/227/176 175/226/175
f 128/178/128 129/179/129 176/227/176
f 129/179/129 177/228/177 176/227/176
f 129/179/129 130/180/130 177/228/177
f 130/180/130 178/229/178 177/228/177
f 130/180/130 131/181/131 178/229/178
f 131/181/131 179/230/179 178/229/178
f 131/181/131 132/182/132 179/230/179
f 132/182/132 180/231/180 179/230/179
f 132/182/132 133/183/133 180/231/180
f 133/183/133 181/232/181 180/231/180
f 133/183/133 134/184/134 181/232/181
f 134/184/134 182/233/182 181/232/181
f 134/184/134 135/185/135 182/233/182
f 135/185/135 183/234/183 182/233/182
f 135/185/135 136/186/136 183/234/183
f 136/186/136 184/235/184 183/234/183
f 136/186/136 137/187/137 184/235/184
f 137/187/137 185/236/185 184/235/184
f 137/187/137 138/188/138 185/236/185
f 138/188/138 186/237/186 185/236/185
f 138/188/138 139/189/139 186/237/186
f 139/189/139 187/238/187 186/237/186
f 139/189/139 140/190/140 187/238/187
f 140/190/140 188/239/188 187/238/187
f 140/190/140 141/191/141 188/239/188
f 141/191/141 189/240/189 188/239/188
f 141/191/141 142/192/142 189/240/189
f 142/192/142 190/241/190 189/240/189
f 142/192/142 143/193/143 190/241/190
f 143/193/143 191/242/191 190/241/190
f 143/193/143 144/194/144 191/242/191
f 144/194/144 192/243/192 191/242/191
f 144/194/144 145/195/145 192/243/192
f 145/195/145 193/244/193 192/243/192
f 145/195/145 98/196/98 193/244/193
f 98/196/98 146/245/146 193/244/193
f 146/197/146 147/198/147 194/246/194
f 147/198/147 195/247/195 194/246/194
f 147/198/147 148/199/148 195/247/195
f 148/199/148 196/248/196 195/247/195
f 148/199/148 149/200/149 196/248/196
f 149/200/149 197/249/197 196/248/196
f 149/200/149 150/201/150 197/249/197
f 150/201/150 198/250/198 197/249/197
f 150/201/150 151/202/151 198/250/198
f 151/202/151 199/251/199 198/250/198
f 151/202/151 152/203/152 199/251/199
f 152/203/152 200/252/200 199/251/199
f 152/203/152 153/204/153 200/252/200
f 153/204/153 201/253/201 200/252/200
f 153/204/153 154/205/154 201/253/201
f 154/205/154 202/254/202 201/253/201
f 154/205/154 155/206/155 202/254/202
f 155/206/155 203/255/203 202/254/202
f 155/206/155 156/207/156 203/255/203
f 156/207/156 204/256/204 203/255/203
f 156/207/156 157/208/157 204/256/204
f 157/208/157 205/257/205 204/256/204
f 157/208/157 158/209/158 205/257/205
f 158/209/158 206/258/206 205/257/205
f 158/209/158 159/210/159 206/258/206
f 159/210/159 207/259/207 206/258/206
f 159/210/159 160/211/160 207/259/207
f 160/211/160 208/260/208 207/259/207
f 160/211/160 161/212/161 208/260/208
f 161/212/161 209/261/209 208/260/208
f 161/212/161 162/213/162 209/261/209
f 162/213/162 210/262/210 209/261/209
f 162/213/162 163/214/163 210/262/210
f 163/214/163 211/263/211 210/262/210
f 163/214/163 164/215/164 211/263/211
f 164/215/164 212/264/212 211/263/211
f 164/215/164 165/216/165 212/264/212
f 165/216/165 213/265/213 212/264/212
f 165/216/165 166/217/166 213/265/213
f 166/217/166 214/266/214 213/265/213
f 166/217/166 167/218/167 214/266/214
f 167/218/167 215/267/215 214/266/214
f 167/218/167 168/219/168 215/267/215
f 168/219/168 216/268/216 215/267/215
f 168/219/168 169/220/169 216/268/216
f 169/220/169 217/269/217 216/268/216
f 169/220/169 170/221/170 217/269/217
f 170/221/170 218/270/218 217/269/217
f 170/221/170 171/222/171 218/270/218
f 171/222/171 219/271/219 218/270/218
f 171/222/171 172/223/172 219/271/219
f 172/223/172 220/272/220 219/271/219
f 172/223/172 173/224/173 220/272/220
f 173/224/173 221/273/221 220/272/220
f 173/224/173 174/225/174 221/273/221
f 174/225/174 222/274/222 221/273/221
f 174/225/174 175/226/175 222/274/222
f 175/226/175 223/275/223 222/274/222
f 175/226/175 176/227/176 223/275/223
f 176/227/176 224/276/224 223/275/223
f 176/227/176 177/228/177 224/276/224
f 177/228/177 225/277/225 224/276/224
f 177/228/177 178/229/178 225/277/225
f 178/229/178 226/278/226 225/277/225
f 178/229/178 179/230/179 226/278/226
f 179/230/179 227/279/227 226/278/226
f 179/230/179 180/231/180 227/279/227
f 180/231/180 228/280/228 227/279/227
f 180/231/180 181/232/181 228/280/228
f 181/232/181 229/281/229 228/280/228
f 181/232/181 182/233/182 229/281/229
f 182/233/182 230/282/230 229/281/229
f 182/233/182 183/234/183 230/282/230
f 183/234/183 231/283/231 230/282/230
f 183/234/183 184/235/184 231/283/231
f 184/235/184 232/284/232 231/283/231
f 184/235/184 185/236/185 232/284/232
f 185/236/185 233/285/233 232/284/232
f 185/236/185 186/237/186 233/285/233
f 186/237/186 234/286/234 233/285/233
f 186/237/186 187/238/187 234/286/234
f 187/238/187 235/287/235 234/286/234
f 187/238/187 188/239/188 235/287/235
f 188/239/188 236/288/236 235/287/235
f 188/239/188 189/240/189 236/288/236
f 189/240/189 237/289/237 236/288/236
f 189/240/189 190/241/190 237/289/237
f 190/241/190 238/290/238 237/289/237
f 190/241/190 191/242/191 238/290/238
f 191/242/191 239/291/239 238/290/238
f 191/242/191 192/243/192 239/291/239
f 192/243/192 240/292/240 239/291/239
f 192/243/192 193/244/193 240/292/240
f 193/244/193 241/293/241 240/292/240
f 193/244/193 146/245/146 241/293/241
f 146/245/146 194/294/194 241/293/241
f 194/246/194 195/247/195 242/295/242
f 195/247/195 243/296/243 242/295/242
f 195/247/195 196/248/196 243/296/243
f 196/248/196 244/297/244 243/296/243
f 196/248/196 197/249/197 244/297/244
f 197/249/197 245/298/245 244/297/244
f 197/249/197 198/250/198 245/298/245
f 198/250/198 246/299/246 245/298/245
f 198/250/198 199/251/199 246/299/246
f 199/251/199 247/300/247 246/299/246
f 199/251/199 200/252/200 247/300/247
f 200/252/200 248/301/248 247/300/247
f 200/252/200 201/253/201 248/301/248
f 201/253/201 249/302/249 248/301/248
f 201/253/201 202/254/202 249/302/249
f 202/254/202 250/303/250 249/302/249
f 202/254/202 203/255/203 250/303/250
f 203/255/203 251/304/251 250/303/250
f 203/255/203 204/256/204 251/304/251
f 204/256/204 252/305/252 251/304/251
f 204/256/204 205/257/205 252/305/252
f 205/257/205 253/306/253 252/305/252
f 205/257/205 206/258/206 253/306/253
f 206/258/206 254/307/254 253/306/253
f 206/258/206 207/259/207 254/307/254
f 207/259/207 255/308/255 254/307/254
f 207/259/207 208/260/208 255/308/255
f 208/260/208 256/309/256 255/308/255
f 208/260/208 209/261/209 256/309/256
f 209/261/209 257/310/257 256/309/256
f 209/261/209 210/262/210 257/310/257
f 210/262/210 258/311/258 257/310/257
f 210/262/210 211/263/211 258/311/258
f 211/263/211 259/312/259 258/311/258
f 211/263/211 212/264/212 259/312/259
f 212/264/212 260/313/260 259/312/259
f 212/264/212 213/265/213 260/313/260
f 213/265/213 261/314/261 260/313/260
f 213/265/213 214/266/214 261/314/261
f 214/266/214 262/315/262 261/314/261
f 214/266/214 215/267/215 262/315/262
f 215/267/215 263/316/263 262/315/262
f 215/267/215 216/268/216 263/316/263
f 216/268/216 264/317/264 263/316/263
f 216/268/216 217/269/217 264/317/264
f 217/269/217 265/318/265 264/317/264
f 217/269/217 218/270/218 265/318/265
f 218/270/218 266/319/266 265/318/265
f 218/270/218 219/271/219 266/319/266
f 219/271/219 267/320/267 266/319/266
f 219/271/219 220/272/220 267/320/267
f 220/272/220 268/321/268 267/320/267
f 220/272/220 221/273/221 268/321/268
f 221/273/221 269/322/269 268/321/268
f 221/273/221 222/274/222 269/322/269
f 222/274/222 270/323/270 269/322/269
f 222/274/222 223/275/223 270/323/270
f 223/275/223 271/324/271 270/323/270
f 223/275/223 224/276/224 271/324/271
f 224/276/224 272/325/272 271/324/271
f 224/276/224 225/277/225 272/325/272
f 225/277/225 273/326/273 272/325/272
f 225/277/225 226/278/226 273/326/273
f 226/278/226 274/327/274 273/326/273
f 226/278/226 227/279/227 274/327/274
f 227/279/227 275/328/275 274/327/274
f 227/279/227 228/280/228 275/328/275
f 228/280/228 276/329/276 275/328/275
f 228/280/228 229/281/229 276/329/276
f 229/281/229 277/330/277 276/329/276
f 229/281/229 230/282/230 277/330/277
f 230/282/230 278/331/278 277/330/277
f 230/282/230 231/283/231 278/331/278
f 231/283/231 279/332/279 278/331/278
f 231/283/231 232/284/232 279/332/279
f 232/284/232 280/333/280 279/332/279
f 232/284/232 233/285/233 280/333/280
f 233/285/233 281/334/281 280/333/280
f 233/285/233 234/286/234 281/334/281
f 234/286/234 282/335/282 281/334/281
f 234/286/234 235/287/235 282/335/282
f 235/287/235 283/336/283 282/335/282
f 235/287/235 236/288/236 283/336/283
f 236/288/236 284/337/284 283/336/283
f 236/288/236 237/289/237 284/337/284
f 237/289/237 285/338/285 284/337/284
f 237/289/237 238/290/238 285/338/285
f 238/290/238 286/339/286 285/338/285
f 238/290/238 239/291/239 286/339/286
f 239/291/239 287/340/287 286/339/286
f 239/291/239 240/292/240 287/340/287
f 240/292/240 288/341/288 287/340/287
f 240/292/240 241/293/241 288/341/288
f 241/293/241 289/342/289 288/341/288
f 241/293/241 194/294/194 289/342/289
f 194/294/194 242/343/242 289/342/289
f 242/295/242 243/296/243 290/344/290
f 243/296/243 291/345/291 290/344/290
f 243/296/243 244/297/244 291/345/291
f 244/297/244 292/346/292 291/345/291
f 244/297/244 245/298/245 292/346/292
f 245/298/245 293/347/293 292/346/292
f 245/298/245 246/299/246 293/347/293
f 246/299/246 294/348/294 293/347/293
f 246/299/246 247/300/247 294/348/294
f 247/300/247 295/349/295 294/348/294
f 247/300/247 248/301/248 295/349/295
f 248/301/248 296/350/296 295/349/295
f 248/301/248 249/302/249 296/350/296
f 249/302/249 297/351/297 296/350/296
f 249/302/249 250/303/250 297/351/297
f 250/303/250 298/352/298 297/351/297
f 250/303/250 251/304/251 298/352/298
f 251/304/251 299/353/299 298/352/298
f 251/304/251 252/305/252 299/353/299
f 252/305/252 300/354/300 299/353/299
f 252/305/252 253/306/253 300/354/300
f 253/306/253 301/355/301 300/354/300
f 253/306/253 254/307/254 301/355/301
f 254/307/254 302/356/302 301/355/301
f 254/307/254 255/308/255 302/356/302
f 255/308/255 303/357/303 302/356/302
f 255/308/255 256/309/256 303/357/303
f 256/309/256 304/358/304 303/357/303
f 256/309/256 257/310/257 304/358/304
f 257/310/257 305/359/305 304/358/304
f 257/310/257 258/311/258 305/359/305
f 258/311/258 306/360/306 305/359/305
f 258/311/258 259/312/259 306/360/306
f 259/312/259 307/361/307 306/360/306
f 259/312/259 260/313/260 307/361/307
f 260/313/260 308/362/308 307/361/307
f 260/313/260 261/314/261 308/362/308
f 261/314/261 309/363/309 308/362/308
f 261/314/261 262/315/262 309/363/309
f 262/315/262 310/364/310 309/363/309
f 262/315/262 263/316/263 310/364/310
f 263/316/263 311/365/311 310/364/310
f 263/316/263 264/317/264 311/365/311
f 264/317/264 312/366/312 311/365/311
f 264/317/264 265/318/265 312/366/312
f 265/318/265 313/367/313 312/366/312
f 265/318/265 266/319/266 313/367/313
f 266/319/266 314/368/314 313/367/313
f 266/319/266 267/320/267 314/368/314
f 267/320/267 315/369/315 314/368/314
f 267/320/267 268/321/268 315/369/315
f 268/321/268 316/370/316 315/369/315
f 268/321/268 269/322/269 316/370/316
f 269/322/269 317/371/317 316/370/316
f 269/322/269 270/323/270 317/371/317
f 270/323/270 318/372/318 317/371/317
f 270/323/270 271/324/271 318/372/318
f 271/324/271 319/373/319 318/372/318
f 271/324/271 272/325/272 319/373/319
f 272/325/272 320/374/320 319/373/319
f 272/325/272 273/326/273 320/374/320
f 273/326/273 321/375/321 320/374/320
f 273/326/273 274/327/274 321/375/321
f 274/327/274 322/376/322 321/375/321
f 274/327/274 275/328/275 322/376/322
f 275/328/275 323/377/323 322/376/322
f 275/328/275 276/329/276 323/377/323
f 276/329/276 324/378/324 323/377/323
f 276/329/276 277/330/277 324/378/324
f 277/330/277 325/379/325 324/378/324
f 277/330/277 278/331/278 325/379/325
f 278/331/278 326/380/326 325/379/325
f 278/331/278 279/332/279 326/380/326
f 279/332/279 327/381/327 326/380/326
f 279/332/279 280/333/280 327/381/327
f 280/333/280 328/382/328 327/381/327
f 280/333/280 281/334/281 328/382/328
f 281/334/281 329/383/329 328/382/328
f 281/334/281 282/335/282 329/383/329
f 282/335/282 330/384/330 329/383/329
f 282/335/282 283/336/283 330/384/330
f 283/336/283 331/385/331 330/384/330
f 283/336/283 284/337/284 331/385/331
f 284/337/284 332/386/332 331/385/331
f 284/337/284 285/338/285 332/386/332
f 285/338/285 333/387/333 332/386/332
f 285/338/285 286/339/286 333/387/333
f 286/339/286 334/388/334 333/387/333
f 286/339/286 287/340/287 334/388/334
f 287/340/287 335/389/335 334/388/334
f 287/340/287 288/341/288 335/389/335
f 288/341/288 336/390/336 335/389/335
f 288/341/288 289/342/289 336/390/336
f 289/342/289 337/391/337 336/390/336
f 289/342/289 242/343/242 337/391/337
f 242/343/242 290/392/290 337/391/337
f 290/344/290 291/345/291 338/393/338
f 291/345/291 339/394/339 338/393/338
f 291/345/291 292/346/292 339/394/339
f 292/346/292 340/395/340 339/394/339
f 292/346/292 293/347/293 340/395/340
f 293/347/293 341/396/341 340/395/340
f 293/347/293 294/348/294 341/396/341
f 294/348/294 342/397/342 341/396/341
f 294/348/294 295/349/295 342/397/342
f 295/349/295 343/398/343 342/397/342
f 295/349/295 296/350/296 343/398/343
f 296/350/296 344/399/344 343/398/343
f 296/350/296 297/351/297 344/399/344
f 297/351/297 345/400/345 344/399/344
f 297/351/297 298/352/298 345/400/345
f 298/352/298 346/401/346 345/400/345
f 298/352/298 299/353/299 346/401/346
f 299/353/299 347/402/347 346/401/346
f 299/353/299 300/354/300 347/402/347
f 300/354/300 348/403/348 347/402/347
f 300/354/300 301/355/301 348/403/348
f 301/355/301 349/404/349 348/403/348
f 301/355/301 302/356/302 349/404/349
f 302/356/302 350/405/350 349/404/349
f 302/356/302 303/357/303 350/405/350
f 303/357/303 351/406/351 350/405/350
f 303/357/303 304/358/304 351/406/351
f 304/358/304 352/407/352 351/406/351
f 304/358/304 305/359/305 352/407/352
f 305/359/305 353/408/353 352/407/352
f 305/359/305 306/360/306 353/408/353
f 306/360/306 354/409/354 353/408/353
f 306/360/306 307/361/307 354/409/354
f 307/361/307 355/410/355 354/409/354
f 307/361/307 308/362/308 355/410/355
f 308/362/308 356/411/356 355/410/355
f 308/362/308 309/363/309 356/411/356
f 309/363/309 357/412/357 356/411/356
f 309/363/309 310/364/310 357/412/357
f 310/364/310 358/413/358 357/412/357
f 310/364/310 311/365/311 358/413/358
f 311/365/311 359/414/359 358/413/358
f 311/365/311 312/366/312 359/414/359
f 312/366/312 360/415/360 359/414/359
f 312/366/312 313/367/313 360/415/360
f 313/367/313 361/416/361 360/415/360
f 313/367/313 314/368/314 361/416/361
f 314/368/314 362/417/362 361/416/361
f 314/368/314 315/369/315 362/417/362
f 315/369/315 363/418/363 362/417/362
f 315/369/315 316/370/316 363/418/363
f 316/370/316 364/419/364 363/418/363
f 316/370/316 317/371/317 364/419/364
f 317/371/317 365/420/365 364/419/364
f 317/371/317 318/372/318 365/420/365
f 318/372/318 366/421/366 365/420/365
f 318/372/318 319/373/319 366/421/366
f 319/373/319 367/422/367 366/421/366
f 319/373/319 320/374/320 367/422/367
f 320/374/320 368/423/368 367/422/367
f 320/374/320 321/375/321 368/423/368
f 321/375/321 369/424/369 368/423/368
f 321/375/321 322/376/322 369/424/369
f 322/376/322 370/425/370 369/424/369
f 322/376/322 323/377/323 370/425/370
f 323/377/323 371/426/371 370/425/370
f 323/377/323 324/378/324 371/426/371
f 324/378/324 372/427/372 371/426/371
f 324/378/324 325/379/325 372/427/372
f 325/379/325 373/428/373 372/427/372
f 325/379/325 326/380/326 373/428/373
f 326/380/326 374/429/374 373/428/373
f 326/380/326 327/381/327 374/429/374
f 327/381/327 375/430/375 374/429/374
f 327/381/327 328/382/328 375/430/375
f 328/382/328 376/431/376 375/430/375
f 328/382/328 329/383/329 376/431/376
f 329/383/329 377/432/377 376/431/376
f 329/383/329 330/384/330 377/432/377
f 330/384/330 378/433/378 377/432/377
f 330/384/330 331/385/331 378/433/378
f 331/385/331 379/434/379 378/433/378
f 331/385/331 332/386/332 379/434/379
f 332/386/332 380/435/380 379/434/379
f 332/386/332 333/387/333 380/435/380
f 333/387/333 381/436/381 380/435/380
f 333/387/333 334/388/334 381/436/381
f 334/388/334 382/437/382 381/436/381
f 334/388/334 335/389/335 382/437/382
f 335/389/335 383/438/383 382/437/382
f 335/389/335 336/390/336 383/438/383
f 336/390/336 384/439/384 383/438/383
f 336/390/336 337/391/337 384/439/384
f 337/391/337 385/440/385 384/439/384
f 337/391/337 290/392/290 385/440/385
f 290/392/290 338/441/338 385/440/385
f 338/393/338 339/394/339 386/442/386
f 339/394/339 387/443/387 386/442/386
f 339/394/339 340/395/340 387/443/387
f 340/395/340 388/444/388 387/443/387
f 340/395/340 341/396/341 388/444/388
f 341/396/341 389/445/389 388/444/388
f 341/396/341 342/397/342 389/445/389
f 342/397/342 390/446/390 389/445/389
f 342/397/342 343/398/343 390/446/390
f 343/398/343 391/447/391 390/446/390
f 343/398/343 344/399/344 391/447/391
f 344/399/344 392/448/392 391/447/391
f 344/399/344 345/400/345 392/448/392
f 345/400/345 393/449/393 392/448/392
f 345/400/345 346/401/346 393/449/393
f 346/401/346 394/450/394 393/449/393
f 346/401/346 347/402/347 394/450/394
f 347/402/347 395/451/395 394/450/394
f 347/402/347 348/403/348 395/451/395
f 348/403/348 396/452/396 395/451/395
f 348/403/348 349/404/349 396/452/396
f 349/404/349 397/453/397 396/452/396
f 349/404/349 350/405/350 397/453/397
f 350/405/350 398/454/398 397/453/397
f 350/405/350 351/406/351 398/454/398
f 351/406/351 399/455/399 398/454/398
f 351/406/351 352/407/352 399/455/399
f 352/407/352 400/456/400 399/455/399
f 352/407/352 353/408/353 400/456/400
f 353/408/353 401/457/401 400/456/400
f 353/408/353 354/409/354 401/457/401
f 354/409/354 402/458/402 401/457/401
f 354/409/354 355/410/355 402/458/402
f 355/410/355 403/459/403 402/458/402
f 355/410/355 356/411/356 403/459/403
f 356/411/356 404/460/404 403/459/403
f 356/411/356 357/412/357 404/460/404
f 357/412/357 405/461/405 404/460/404
f 357/412/357 358/413/358 405/461/405
f 358/413/358 406/462/406 405/461/405
f 358/413/358 359/414/359 406/462/406
f 359/414/359 407/463/407 406/462/406
f 359/414/359 360/415/360 407/463/407
f 360/415/360 408/464/408 407/463/407
f 360/415/360 361/416/361 408/464/408
f 361/416/361 409/465/409 408/464/408
f 361/416/361 362/417/362 409/465/409
f 362/417/362 410/466/410 409/465/409
f 362/417/362 363/418/363 410/466/410
f 363/418/363 411/467/411 410/466/410
f 363/418/363 364/419/364 411/467/411
f 364/419/364 412/468/412 411/467/411
f 364/419/364 365/420/365 412/468/412
f 365/420/365 413/469/413 412/468/412
f 365/420/365 366/421/366 413/469/413
f 366/421/366 414/470/414 413/469/413
f 366/421/366 367/422/367 414/470/414
f 367/422/367 415/471/415 414/470/414
f 367/422/367 368/423/368 415/471/415
f 368/423/368 416/472/416 415/471/415
f 368/423/368 369/424/369 416/472/416
f 369/424/369 417/473/417 416/472/416
f 369/424/369 370/425/370 417/473/417
f 370/425/370 418/474/418 417/473/417
f 370/425/370 371/426/371 418/474/418
f 371/426/371 419/475/419 418/474/418
f 371/426/371 372/427/372 419/475/419
f 372/427/372 420/476/420 419/475/419
f 372/427/372 373/428/373 420/476/420
f 373/428/373 421/477/421 420/476/420
f 373/428/373 374/429/374 421/477/421
f 374/429/374 422/478/422 421/477/421
f 374/429/374 375/430/375 422/478/422
f 375/430/375 423/479/423 422/478/422
f 375/430/375 376/431/376 423/479/423
f 376/431/376 424/480/424 423/479/423
f 376/431/376 377/432/377 424/480/424
f 377/432/377 425/481/425 424/480/424
f 377/432/377 378/433/378 425/481/425
f 378/433/378 426/482/426 425/481/425
f 378/433/378 379/434/379 426/482/426
f 379/434/379 427/483/427 426/482/426
f 379/434/379 380/435/380 427/483/427
f 380/435/380 428/484/428 427/483/427
f 380/435/380 381/436/381 428/484/428
f 381/436/381 429/485/429 428/484/428
f 381/436/381 382/437/382 429/485/429
f 382/437/382 430/486/430 429/485/429
f 382/437/382 383/438/383 430/486/430
f 383/438/383 431/487/431 430/486/430
f 383/438/383 384/439/384 431/487/431
f 384/439/384 432/488/432 431/487/431
f 384/439/384 385/440/385 432/488/432
f 385/440/385 433/489/433 432/488/432
f 385/440/385 338/441/338 433/489/433
f 338/441/338 386/490/386 433/489/433
f 386/442/386 387/443/387 434/491/434
f 387/443/387 435/492/435 434/491/434
f 387/443/387 388/444/388 435/492/435
f 388/444/388 436/493/436 435/492/435
f 388/444/388 389/445/389 436/493/436
f 389/445/389 437/494/437 436/493/436
f 389/445/389 390/446/390 437/494/437
f 390/446/390 438/495/438 437/494/437
f 390/446/390 391/447/391 438/495/438
f 391/447/391 439/496/439 438/495/438
f 391/447/391 392/448/392 439/496/439
f 392/448/392 440/497/440 439/496/439
f 392/448/392 393/449/393 440/497/440
f 393/449/393 441/498/441 440/497/440
f 393/449/393 394/450/394 441/498/441
f 394/450/394 442/499/442 441/498/441
f 394/450/394 395/451/395 442/499/442
f 395/451/395 443/500/443 442/499/442
f 395/451/395 396/452/396 443/500/443
f 396/452/396 444/501/444 443/500/443
f 396/452/396 397/453/397 444/501/444
f 397/453/397 445/502/445 444/501/444
f 397/453/397 398/454/398 445/502/445
f 398/454/398 446/503/446 445/502/445
f 398/454/398 399/455/399 446/503/446
f 399/455/399 447/504/447 446/503/446
f 399/455/399 400/456/400 447/504/447
f 400/456/400 448/505/448 447/504/447
f 400/456/400 401/457/401 448/505/448
f 401/457/401 449/506/449 448/505/448
f 401/457/401 402/458/402 449/506/449
f 402/458/402 450/507/450 449/506/449
f 402/458/402 403/459/403 450/507/450
f 403/459/403 451/508/451 450/507/450
f 403/459/403 404/460/404 451/508/451
f 404/460/404 452/509/452 451/508/451
f 404/460/404 405/461/405 452/509/452
f 405/461/405 453/510/453 452/509/452
f 405/461/405 406/462/406 453/510/453
f 406/462/406 454/511/454 453/510/453
f 406/462/406 407/463/407 454/511/454
f 407/463/407 455/512/455 454/511/454
f 407/463/407 408/464/408 455/512/455
f 408/464/408 456/513/456 455/512/455
f 408/464/408 409/465/409 456/513/456
f 409/465/409 457/514/457 456/513/456
f 409/465/409 410/466/410 457/514/457
f 410/466/410 458/515/458 457/514/457
f 410/466/410 411/467/411 458/515/458
f 411/467/411 459/516/459 458/515/458
f 411/467/411 412/468/412 459/516/459
f 412/468/412 460/517/460 459/516/459
f 412/468/412 413/469/413 460/517/460
f 413/469/413 461/518/461 460/517/460
f 413/469/413 414/470/414 461/518/461
f 414/470/414 462/519/462 461/518/461
f 414/470/414 415/471/415 462/519/462
f 415/471/415 463/520/463 462/519/462
f 415/471/415 416/472/416 463/520/463
f 416/472/416 464/521/464 463/520/463
f 416/472/416 417/473/417 464/521/464
f 417/473/417 465/522/465 464/521/464
f 417/473/417 418/474/418 465/522/465
f 418/474/418 466/523/466 465/522/465
f 418/474/418 419/475/419 466/523/466
f 419/475/419 467/524/467 466/523/466
f 419/475/419 420/476/420 467/524/467
f 420/476/420 468/525/468 467/524/467
f 420/476/420 421/477/421 468/525/468
f 421/477/421 469/526/469 468/525/468
f 421/477/421 422/478/422 469/526/469
f 422/478/422 470/527/470 469/526/469
f 422/478/422 423/479/423 470/527/470
f 423/479/423 471/528/471 470/527/470
f 423/479/423 424/480/424 471/528/471
f 424/480/424 472/529/472 471/528/471
f 424/480/424 425/481/425 472/529/472
f 425/481/425 473/530/473 472/529/472
f 425/481/425 426/482/426 473/530/473
f 426/482/426 474/531/474 473/530/473
f 426/482/426 427/483/427 474/531/474
f 427/483/427 475/532/475 474/531/474
f 427/483/427 428/484/428 475/532/475
f 428/484/428 476/533/476 475/532/475
f 428/484/428 429/485/429 476/533/476
f 429/485/429 477/534/477 476/533/476
f 429/485/429 430/486/430 477/534/477
f 430/486/430 478/535/478 477/534/477
f 430/486/430 431/487/431 478/535/478
f 431/487/431 479/536/479 478/535/478
f 431/487/431 432/488/432 479/536/479
f 432/488/432 480/537/480 479/536/479
f 432/488/432 433/489/433 480/537/480
f 433/489/433 481/538/481 480/537/480
f 433/489/433 386/490/386 481/538/481
f 386/490/386 434/539/434 481/538/481
f 434/491/434 435/492/435 482/540/482
f 435/492/435 483/541/483 482/540/482
f 435/492/435 436/493/436 483/541/483
f 436/493/436 484/542/484 483/541/483
f 436/493/436 437/494/437 484/542/484
f 437/494/437 485/543/485 484/542/484
f 437/494/437 438/495/438 485/543/485
f 438/495/438 486/544/486 485/543/485
f 438/495/438 439/496/439 486/544/486
f 439/496/439 487/545/487 486/544/486
f 439/496/439 440/497/440 487/545/487
f 440/497/440 488/546/488 487/545/487
f 440/497/440 441/498/441 488/546/488
f 441/498/441 489/547/489 488/546/488
f 441/498/441 442/499/442 489/547/489
f 442/499/442 490/548/490 489/547/489
f 442/499/442 443/500/443 490/548/490
f 443/500/443 491/549/491 490/548/490
f 443/500/443 444/501/444 491/549/491
f 444/501/444 492/550/492 491/549/491
f 444/501/444 445/502/445 492/550/492
f 445/502/445 493/551/493 492/550/492
f 445/502/445 446/503/446 493/551/493
f 446/503/446 494/552/494 493/551/493
f 446/503/446 447/504/447 494/552/494
f 447/504/447 495/553/495 494/552/494
f 447/504/447 448/505/448 495/553/495
f 448/505/448 496/554/496 495/553/495
f 448/505/448 449/506/449 496/554/496
f 449/506/449 497/555/497 496/554/496
f 449/506/449 450/507/450 497/555/497
f 450/507/450 498/556/498 497/555/497
f 450/507/450 451/508/451 498/556/498
f 451/508/451 499/557/499 498/556/498
f 451/508/451 452/509/452 499/557/499
f 452/509/452 500/558/500 499/557/499
f 452/509/452 453/510/453 500/558/500
f 453/510/453 501/559/501 500/558/500
f 453/510/453 454/511/454 501/559/501
f 454/511/454 502/560/502 501/559/501
f 454/511/454 455/512/455 502/560/502
f 455/512/455 503/561/503 502/560/502
f 455/512/455 456/513/456 503/561/503
f 456/513/456 504/562/504 503/561/503
f 456/513/456 457/514/457 504/562/504
f 457/514/457 505/563/505 504/562/504
f 457/514/457 458/515/458 505/563/505
f 458/515/458 506/564/506 505/563/505
f 458/515/458 459/516/459 506/564/506
f 459/516/459 507/565/507 506/564/506
f 459/516/459 460/517/460 507/565/507
f 460/517/460 508/566/508 507/565/507
f 460/517/460 461/518/461 508/566/508
f 461/518/461 509/567/509 508/566/508
f 461/518/461 462/519/462 509/567/509
f 462/519/462 510/568/510 509/567/509
f 462/519/462 463/520/463 510/568/510
f 463/520/463 511/569/511 510/568/510
f 463/520/463 464/521/464 511/569/511
f 464/521/464 512/570/512 511/569/511
f 464/521/464 465/522/465 512/570/512
f 465/522/465 513/571/513 512/570/512
f 465/522/465 466/523/466 513/571/513
f 466/523/466 514/572/514 513/571/513
f 466/523/466 467/524/467 514/572/514
f 467/524/467 515/573/515 514/572/514
f 467/524/467 468/525/468 515/573/515
f 468/525/468 516/574/516 515/573/515
f 468/525/468 469/526/469 516/574/516
f 469/526/469 517/575/517 516/574/516
f 469/526/469 470/527/470 517/575/517
f 470/527/470 518/576/518 517/575/517
f 470/527/470 471/528/471 518/576/518
f 471/528/471 519/577/519 518/576/518
f 471/528/471 472/529/472 519/577/519
f 472/529/472 520/578/520 519/577/519
f 472/529/472 473/530/473 520/578/520
f 473/530/473 521/579/521 520/578/520
f 473/530/473 474/531/474 521/579/521
f 474/531/474 522/580/522 521/579/521
f 474/531/474 475/532/475 522/580/522
f 475/532/475 523/581/523 522/580/522
f 475/532/475 476/533/476 523/581/523
f 476/533/476 524/582/524 523/581/523
f 476/533/476 477/534/477 524/582/524
f 477/534/477 525/583/525 524/582/524
f 477/534/477 478/535/478 525/583/525
f 478/535/478 526/584/526 525/583/525
f 478/535/478 479/536/479 526/584/526
f 479/536/479 527/585/527 526/584/526
f 479/536/479 480/537/480 527/585/527
f 480/537/480 528/586/528 527/585/527
f 480/537/480 481/538/481 528/586/528
f 481/538/481 529/587/529 528/586/528
f 481/538/481 434/539/434 529/587/529
f 434/539/434 482/588/482 529/587/529
f 482/540/482 483/541/483 530/589/530
f 483/541/483 531/590/531 530/589/530
f 483/541/483 484/542/484 531/590/531
f 484/542/484 532/591/532 531/590/531
f 484/542/484 485/543/485 532/591/532
f 485/543/485 533/592/533 532/591/532
f 485/543/485 486/544/486 533/592/533
f 486/544/486 534/593/534 533/592/533
f 486/544/486 487/545/487 534/593/534
f 487/545/487 535/594/535 534/593/534
f 487/545/487 488/546/488 535/594/535
f 488/546/488 536/595/536 535/594/535
f 488/546/488 489/547/489 536/595/536
f 489/547/489 537/596/537 536/595/536
f 489/547/489 490/548/490 537/596/537
f 490/548/490 538/597/538 537/596/537
f 490/548/490 491/549/491 538/597/538
f 491/549/491 539/598/539 538/597/538
f 491/549/491 492/550/492 539/598/539
f 492/550/492 540/599/540 539/598/539
f 492/550/492 493/551/493 540/599/540
f 493/551/493 541/600/541 540/599/540
f 493/551/493 494/552/494 541/600/541
f 494/552/494 542/601/542 541/600/541
f 494/552/494 495/553/495 542/601/542
f 495/553/495 543/602/543 542/601/542
f 495/553/495 496/554/496 543/602/543
f 496/554/496 544/603/544 543/602/543
f 496/554/496 497/555/497 544/603/544
f 497/555/497 545/604/545 544/603/544
f 497/555/497 498/556/498 545/604/545
f 498/556/498 546/605/546 545/604/545
f 498/556/498 499/557/499 546/605/546
f 499/557/499 547/606/547 546/605/546
f 499/557/499 500/558/500 547/606/547
f 500/558/500 548/607/548 547/606/547
f 500/558/500 501/559/501 548/607/548
f 501/559/501 549/608/549 548/607/548
f 501/559/501 502/560/502 549/608/549
f 502/560/502 550/609/550 549/608/549
f 502/560/502 503/561/503 550/609/550
f 503/561/503 551/610/551 550/609/550
f 503/561/503 504/562/504 551/610/551
f 504/562/504 552/611/552 551/610/551
f 504/562/504 505/563/505 552/611/552
f 505/563/505 553/612/553 552/611/552
f 505/563/505 506/564/506 553/612/553
f 506/564/506 554/613/554 553/612/553
f 506/564/506 507/565/507 554/613/554
f 507/565/507 555/614/555 554/613/554
f 507/565/507 508/566/508 555/614/555
f 508/566/508 556/615/556 555/614/555
f 508/566/508 509/567/509 556/615/556
f 509/567/509 557/616/557 556/615/556
f 509/567/509 510/568/510 557/616/557
f 510/568/510 558/617/558 557/616/557
f 510/568/510 511/569/511 558/617/558
f 511/569/511 559/618/559 558/617/558
f 511/569/511 512/570/512 559/618/559
f 512/570/512 560/619/560 559/618/559
f 512/570/512 513/571/513 560/619/560
f 513/571/513 561/620/561 560/619/560
f 513/571/513 514/572/514 561/620/561
f 514/572/514 562/621/562 561/620/561
f 514/572/514 515/573/515 562/621/562
f 515/573/515 563/622/563 562/621/562
f 515/573/515 516/574/516 563/622/563
f 516/574/516 564/623/564 563/622/563
f 516/574/516 517/575/517 564/623/564
f 517/575/517 565/624/565 564/623/564
f 517/575/517 518/576/518 565/624/565
f 518/576/518 566/625/566 565/624/565
f 518/576/518 519/577/519 566/625/566
f 519/577/519 567/626/567 566/625/566
f 519/577/519 520/578/520 567/626/567
f 520/578/520 568/627/568 567/626/567
f 520/578/520 521/579/521 568/627/568
f 521/579/521 569/628/569 568/627/568
f 521/579/521 522/580/522 569/628/569
f 522/580/522 570/629/570 569/628/569
f 522/580/522 523/581/523 570/629/570
f 523/581/523 571/630/571 570/629/570
f 523/581/523 524/582/524 571/630/571
f 524/582/524 572/631/572 571/630/571
f 524/582/524 525/583/525 572/631/572
f 525/583/525 573/632/573 572/631/572
f 525/583/525 526/584/526 573/632/573
f 526/584/526 574/633/574 573/632/573
f 526/584/526 527/585/527 574/633/574
f 527/585/527 575/634/575 574/633/574
f 527/585/527 528/586/528 575/634/575
f 528/586/528 576/635/576 575/634/575
f 528/586/528 529/587/529 576/635/576
f 529/587/529 577/636/577 576/635/576
f 529/587/529 482/588/482 577/636/577
f 482/588/482 530/637/530 577/636/577
f 530/589/530 531/590/531 578/638/578
f 531/590/531 579/639/579 578/638/578
f 531/590/531 532/591/532 579/639/579
f 532/591/532 580/640/580 579/639/579
f 532/591/532 533/592/533 580/640/580
f 533/592/533 581/641/581 580/640/580
f 533/592/533 534/593/534 581/641/581
f 534/593/534 582/642/582 581/641/581
f 534/593/534 535/594/535 582/642/582
f 535/594/535 583/643/583 582/642/582
f 535/594/535 536/595/536 583/643/583
f 536/595/536 584/644/584 583/643/583
f 536/595/536 537/596/537 584/644/584
f 537/596/537 585/645/585 584/644/584
f 537/596/537 538/597/538 585/645/585
f 538/597/538 586/646/586 585/645/585
f 538/597/538 539/598/539 586/646/586
f 539/598/539 587/647/587 586/646/586
f 539/598/539 540/599/540 587/647/587
f 540/599/540 588/648/588 587/647/587
f 540/599/540 541/600/541 588/648/588
f 541/600/541 589/649/589 588/648/588
f 541/600/541 542/601/542 589/649/589
f 542/601/542 590/650/590 589/649/589
f 542/601/542 543/602/543 590/650/590
f 543/602/543 591/651/591 590/650/590
f 543/602/543 544/603/544 591/651/591
f 544/603/544 592/652/592 591/651/591
f 544/603/544 545/604/545 592/652/592
f 545/604/545 593/653/593 592/652/592
f 545/604/545 546/605/546 593/653/593
f 546/605/546 594/654/594 593/653/593
f 546/605/546 547/606/547 594/654/594
f 547/606/547 595/655/595 594/654/594
f 547/606/547 548/607/548 595/655/595
f 548/607/548 596/656/596 595/655/595
f 548/607/548 549/608/549 596/656/596
f 549/608/549 597/657/597 596/656/596
f 549/608/549 550/609/550 597/657/597
f 550/609/550 598/658/598 597/657/597
f 550/609/550 551/610/551 598/658/598
f 551/610/551 599/659/599 598/658/598
f 551/610/551 552/611/552 599/659/599
f 552/611/552 600/660/600 599/659/599
f 552/611/552 553/612/553 600/660/600
f 553/612/553 601/661/601 600/660/600
f 553/612/553 554/613/554 601/661/601
f 554/613/554 602/662/602 601/661/601
f 554/613/554 555/614/555 602/662/602
f 555/614/555 603/663/603 602/662/602
f 555/614/555 556/615/556 603/663/603
f 556/615/556 604/664/604 603/663/603
f 556/615/556 557/616/557 604/664/604
f 557/616/557 605/665/605 604/664/604
f 557/616/557 558/617/558 605/665/605
f 558/617/558 606/666/606 605/665/605
f 558/617/558 559/618/559 606/666/606
f 559/618/559 607/667/607 606/666/606
f 559/618/559 560/619/560 607/667/607
f 560/619/560 608/668/608 607/667/607
f 560/619/560 561/620/561 608/668/608
f 561/620/561 609/669/609 608/668/608
f 561/620/561 562/621/562 609/669/609
f 562/621/562 610/670/610 609/669/609
f 562/621/562 563/622/563 610/670/610
f 563/622/563 611/671/611 610/670/610
f 563/622/563 564/623/564 611/671/611
f 564/623/564 612/672/612 611/671/611
f 564/623/564 565/624/565 612/672/612
f 565/624/565 613/673/613 612/672/612
f 565/624/565 566/625/566 613/673/613
f 566/625/566 614/674/614 613/673/613
f 566/625/566 567/626/567 614/674/614
f 567/626/567 615/675/615 614/674/614
f 567/626/567 568/627/568 615/675/615
f 568/627/568 616/676/616 615/675/615
f 568/627/568 569/628/569 616/676/616
f 569/628/569 617/677/617 616/676/616
f 569/628/569 570/629/570 617/677/617
f 570/629/570 618/678/618 617/677/617
f 570/629/570 571/630/571 618/678/618
f 571/630/571 619/679/619 618/678/618
f 571/630/571 572/631/572 619/679/619
f 572/631/572 620/680/620 619/679/619
f 572/631/572 573/632/573 620/680/620
f 573/632/573 621/681/621 620/680/620
f 573/632/573 574/633/574 621/681/621
f 574/633/574 622/682/622 621/681/621
f 574/633/574 575/634/575 622/682/622
f 575/634/575 623/683/623 622/682/622
f 575/634/575 576/635/576 623/683/623
f 576/635/576 624/684/624 623/683/623
f 576/635/576 577/636/577 624/684/624
f 577/636/577 625/685/625 624/684/624
f 577/636/577 530/637/530 625/685/625
f 530/637/530 578/686/578 625/685/625
f 578/638/578 579/639/579 626/687/626
f 579/639/579 627/688/627 626/687/626
f 579/639/579 580/640/580 627/688/627
f 580/640/580 628/689/628 627/688/627
f 580/640/580 581/641/581 628/689/628
f 581/641/581 629/690/629 628/689/628
f 581/641/581 582/642/582 629/690/629
f 582/642/582 630/691/630 629/690/629
f 582/642/582 583/643/583 630/691/630
f 583/643/583 631/692/631 630/691/630
f 583/643/583 584/644/584 631/692/631
f 584/644/584 632/693/632 631/692/631
f 584/644/584 585/645/585 632/693/632
f 585/645/585 633/694/633 632/693/632
f 585/645/585 586/646/586 633/694/633
f 586/646/586 634/695/634 633/694/633
f 586/646/586 587/647/587 634/695/634
f 587/647/587 635/696/635 634/695/634
f 587/647/587 588/648/588 635/696/635
f 588/648/588 636/697/636 635/696/635
f 588/648/588 589/649/589 636/697/636
f 589/649/589 637/698/637 636/697/636
f 589/649/589 590/650/590 637/698/637
f 590/650/590 638/699/638 637/698/637
f 590/650/590 591/651/591 638/699/638
f 591/651/591 639/700/639 638/699/638
f 591/651/591 592/652/592 639/700/639
f 592/652/592 640/701/640 639/700/639
f 592/652/592 593/653/593 640/701/640
f 593/653/593 641/702/641 640/701/640
f 593/653/593 594/654/594 641/702/641
f 594/654/594 642/703/642 641/702/641
f 594/654/594 595/655/595 642/703/642
f 595/655/595 643/704/643 642/703/642
f 595/655/595 596/656/596 643/704/643
f 596/656/596 644/705/644 643/704/643
f 596/656/596 597/657/597 644/705/644
f 597/657/597 645/706/645 644/705/644
f 597/657/597 598/658/598 645/706/645
f 598/658/598 646/707/646 645/706/645
f 598/658/598 599/659/599 646/707/646
f 599/659/599 647/708/647 646/707/646
f 599/659/599 600/660/600 647/708/647
f 600/660/600 648/709/648 647/708/647
f 600/660/600 601/661/601 648/709/648
f 601/661/601 649/710/649 648/709/648
f 601/661/601 602/662/602 649/710/649
f 602/662/602 650/711/650 649/710/649
f 602/662/602 603/663/603 650/711/650
f 603/663/603 651/712/651 650/711/650
f 603/663/603 604/664/604 651/712/651
f 604/664/604 652/713/652 651/712/651
f 604/664/604 605/665/605 652/713/652
f 605/665/605 653/714/653 652/713/652
f 605/665/605 606/666/606 653/714/653
f 606/666/606 654/715/654 653/714/653
f 606/666/606 607/667/607 654/715/654
f 607/667/607 655/716/655 654/715/654
f 607/667/607 608/668/608 655/716/655
f 608/668/608 656/717/656 655/716/655
f 608/668/608 609/669/609 656/717/656
f 609/669/609 657/718/657 656/717/656
f 609/669/609 610/670/610 657/718/657
f 610/670/610 658/719/658 657/718/657
f 610/670/610 611/671/611 658/719/658
f 611/671/611 659/720/659 658/719/658
f 611/671/611 612/672/612 659/720/659
f 612/672/612 660/721/660 659/720/659
f 612/672/612 613/673/613 660/721/660
f 613/673/613 661/722/661 660/721/660
f 613/673/613 614/674/614 661/722/661
f 614/674/614 662/723/662 661/722/661
f 614/674/614 615/675/615 662/723/662
f 615/675/615 663/724/663 662/723/662
f 615/675/615 616/676/616 663/724/663
f 616/676/616 664/725/664 663/724/663
f 616/676/616 617/677/617 664/725/664
f 617/677/617 665/726/665 664/725/664
f 617/677/617 618/678/618 665/726/665
f 618/678/618 666/727/666 665/726/665
f 618/678/618 619/679/619 666/727/666
f 619/679/619 667/728/667 666/727/666
f 619/679/619 620/680/620 667/728/667
f 620/680/620 668/729/668 667/728/667
f 620/680/620 621/681/621 668/729/668
f 621/681/621 669/730/669 668/729/668
f 621/681/621 622/682/622 669/730/669
f 622/682/622 670/731/670 669/730/669
f 622/682/622 623/683/623 670/731/670
f 623/683/623 671/732/671 670/731/670
f 623/683/623 624/684/624 671/732/671
f 624/684/624 672/733/672 671/732/671
f 624/684/624 625/685/625 672/733/672
f 625/685/625 673/734/673 672/733/672
f 625/685/625 578/686/578 673/734/673
f 578/686/578 626/735/626 673/734/673
f 626/687/626 627/688/627 674/736/674
f 627/688/627 675/737/675 674/736/674
f 627/688/627 628/689/628 675/737/675
f 628/689/628 676/738/676 675/737/675
f 628/689/628 629/690/629 676/738/676
f 629/690/629 677/739/677 676/738/676
f 629/690/629 630/691/630 677/739/677
f 630/691/630 678/740/678 677/739/677
f 630/691/630 631/692/631 678/740/678
f 631/692/631 679/741/679 678/740/678
f 631/692/631 632/693/632 679/741/679
f 632/693/632 680/742/680 679/741/679
f 632/693/632 633/694/633 680/742/680
f 633/694/633 681/743/681 680/742/680
f 633/694/633 634/695/634 681/743/681
f 634/695/634 682/744/682 681/743/681
f 634/695/634 635/696/635 682/744/682
f 635/696/635 683/745/683 682/744/682
f 635/696/635 636/697/636 683/745/683
f 636/697/636 684/746/684 683/745/683
f 636/697/636 637/698/637 684/746/684
f 637/698/637 685/747/685 684/746/684
f 637/698/637 638/699/638 685/747/685
f 638/699/638 686/748/686 685/747/685
f 638/699/638 639/700/639 686/748/686
f 639/700/639 687/749/687 686/748/686
f 639/700/639 640/701/640 687/749/687
f 640/701/640 688/750/688 687/749/687
f 640/701/640 641/702/641 688/750/688
f 641/702/641 689/751/689 688/750/688
f 641/702/641 642/703/642 689/751/689
f 642/703/642 690/752/690 689/751/689
f 642/703/642 643/704/643 690/752/690
f 643/704/643 691/753/691 690/752/690
f 643/704/643 644/705/644 691/753/691
f 644/705/644 692/754/692 691/753/691
f 644/705/644 645/706/645 692/754/692
f 645/706/645 693/755/693 692/754/692
f 645/706/645 646/707/646 693/755/693
f 646/707/646 694/756/694 693/755/693
f 646/707/646 647/708/647 694/756/694
f 647/708/647 695/757/695 694/756/694
f 647/708/647 648/709/648 695/757/695
f 648/709/648 696/758/696 695/757/695
f 648/709/648 649/710/649 696/758/696
f 649/710/649 697/759/697 696/758/696
f 649/710/649 650/711/650 697/759/697
f 650/711/650 698/760/698 697/759/697
f 650/711/650 651/712/651 698/760/698
f 651/712/651 699/761/699 698/760/698
f 651/712/651 652/713/652 699/761/699
f 652/713/652 700/762/700 699/761/699
f 652/713/652 653/714/653 700/762/700
f 653/714/653 701/763/701 700/762/700
f 653/714/653 654/715/654 701/763/701
f 654/715/654 702/764/702 701/763/701
f 654/715/654 655/716/655 702/764/702
f 655/716/655 703/765/703 702/764/702
f 655/716/655 656/717/656 703/765/703
f 656/717/656 704/766/704 703/765/703
f 656/717/656 657/718/657 704/766/704
f 657/718/657 705/767/705 704/766/704
f 657/718/657 658/719/658 705/767/705
f 658/719/658 706/768/706 705/767/705
f 658/719/658 659/720/659 706/768/706
f 659/720/659 707/769/707 706/768/706
f 659/720/659 660/721/660 707/769/707
f 660/721/660 708/770/708 707/769/707
f 660/721/660 661/722/661 708/770/708
f 661/722/661 709/771/709 708/770/708
f 661/722/661 662/723/662 709/771/709
f 662/723/662 710/772/710 709/771/709
f 662/723/662 663/724/663 710/772/710
f 663/724/663 711/773/711 710/772/710
f 663/724/663 664/725/664 711/773/711
f 664/725/664 712/774/712 711/773/711
f 664/725/664 665/726/665 712/774/712
f 665/726/665 713/775/713 712/774/712
f 665/726/665 666/727/666 713/775/713
f 666/727/666 714/776/714 713/775/713
f 666/727/666 667/728/667 714/776/714
f 667/728/667 715/777/715 714/776/714
f 667/728/667 668/729/668 715/777/715
f 668/729/668 716/778/716 715/777/715
f 668/729/668 669/730/669 716/778/716
f 669/730/669 717/779/717 716/778/716
f 669/730/669 670/731/670 717/779/717
f 670/731/670 718/780/718 717/779/717
f 670/731/670 671/732/671 718/780/718
f 671/732/671 719/781/719 718/780/718
f 671/732/671 672/733/672 719/781/719
f 672/733/672 720/782/720 719/781/719
f 672/733/672 673/734/673 720/782/720
f 673/734/673 721/783/721 720/782/720
f 673/734/673 626/735/626 721/783/721
f 626/735/626 674/784/674 721/783/721
f 674/736/674 675/737/675 722/785/722
f 675/737/675 723/786/723 722/785/722
f 675/737/675 676/738/676 723/786/723
f 676/738/676 724/787/724 723/786/723
f 676/738/676 677/739/677 724/787/724
f 677/739/677 725/788/725 724/787/724
f 677/739/677 678/740/678 725/788/725
f 678/740/678 726/789/726 725/788/725
f 678/740/678 679/741/679 726/789/726
f 679/741/679 727/790/727 726/789/726
f 679/741/679 680/742/680 727/790/727
f 680/742/680 728/791/728 727/790/727
f 680/742/680 681/743/681 728/791/728
f 681/743/681 729/792/729 728/791/728
f 681/743/681 682/744/682 729/792/729
f 682/744/682 730/793/730 729/792/729
f 682/744/682 683/745/683 730/793/730
f 683/745/683 731/794/731 730/793/730
f 683/745/683 684/746/684 731/794/731
f 684/746/684 732/795/732 731/794/731
f 684/746/684 685/747/685 732/795/732
f 685/747/685 733/796/733 732/795/732
f 685/747/685 686/748/686 733/796/733
f 686/748/686 734/797/734 733/796/733
f 686/748/686 687/749/687 734/797/734
f 687/749/687 735/798/735 734/797/734
f 687/749/687 688/750/688 735/798/735
f 688/750/688 736/799/736 735/798/735
f 688/750/688 689/751/689 736/799/736
f 689/751/689 737/800/737 736/799/736
f 689/751/689 690/752/690 737/800/737
f 690/752/690 738/801/738 737/800/737
f 690/752/690 691/753/691 738/801/738
f 691/753/691 739/802/739 738/801/738
f 691/753/691 692/754/692 739/802/739
f 692/754/692 740/803/740 739/802/739
f 692/754/692 693/755/693 740/803/740
f 693/755/693 741/804/741 740/803/740
f 693/755/693 694/756/694 741/804/741
f 694/756/694 742/805/742 741/804/741
f 694/756/694 695/757/695 742/805/742
f 695/757/695 743/806/743 742/805/742
f 695/757/695 696/758/696 743/806/743
f 696/758/696 744/807/744 743/806/743
f 696/758/696 697/759/697 744/807/744
f 697/759/697 745/808/745 744/807/744
f 697/759/697 698/760/698 745/808/745
f 698/760/698 746/809/746 745/808/745
f 698/760/698 699/761/699 746/809/746
f 699/761/699 747/810/747 746/809/746
f 699/761/699 700/762/700 747/810/747
f 700/762/700 748/811/748 747/810/747
f 700/762/700 701/763/701 748/811/748
f 701/763/701 749/812/749 748/811/748
f 701/763/701 702/764/702 749/812/749
f 702/764/702 750/813/750 749/812/749
f 702/764/702 703/765/703 750/813/750
f 703/765/703 751/814/751 750/813/750
f 703/765/703 704/766/704 751/814/751
f 704/766/704 752/815/752 751/814/751
f 704/766/704 705/767/705 752/815/752
f 705/767/705 753/816/753 752/815/752
f 705/767/705 706/768/706 753/816/753
f 706/768/706 754/817/754 753/816/753
f 706/768/706 707/769/707 754/817/754
f 707/769/707 755/818/755 754/817/754
f 707/769/707 708/770/708 755/818/755
f 708/770/708 756/819/756 755/818/755
f 708/770/708 709/771/709 756/819/756
f 709/771/709 757/820/757 756/819/756
f 709/771/709 710/772/710 757/820/757
f 710/772/710 758/821/758 757/820/757
f 710/772/710 711/773/711 758/821/758
f 711/773/711 759/822/759 758/821/758
f 711/773/711 712/774/712 759/822/759
f 712/774/712 760/823/760 759/822/759
f 712/774/712 713/775/713 760/823/760
f 713/775/713 761/824/761 760/823/760
f 713/775/713 714/776/714 761/824/761
f 714/776/714 762/825/762 761/824/761
f 714/776/714 715/777/715 762/825/762
f 715/777/715 763/826/763 762/825/762
f 715/777/715 716/778/716 763/826/763
f 716/778/716 764/827/764 763/826/763
f 716/778/716 717/779/717 764/827/764
f 717/779/717 765/828/765 764/827/764
f 717/779/717 718/780/718 765/828/765
f 718/780/718 766/829/766 765/828/765
f 718/780/718 719/781/719 766/829/766
f 719/781/719 767/830/767 766/829/766
f 719/781/719 720/782/720 767/830/767
f 720/782/720 768/831/768 767/830/767
f 720/782/720 721/783/721 768/831/768
f 721/783/721 769/832/769 768/831/768
f 721/783/721 674/784/674 769/832/769
f 674/784/674 722/833/722 769/832/769
f 722/785/722 723/786/723 770/834/770
f 723/786/723 771/835/771 770/834/770
f 723/786/723 724/787/724 771/835/771
f 724/787/724 772/836/772 771/835/771
f 724/787/724 725/788/725 772/836/772
f 725/788/725 773/837/773 772/836/772
f 725/788/725 726/789/726 773/837/773
f 726/789/726 774/838/774 773/837/773
f 726/789/726 727/790/727 774/838/774
f 727/790/727 775/839/775 774/838/774
f 727/790/727 728/791/728 775/839/775
f 728/791/728 776/840/776 775/839/775
f 728/791/728 729/792/729 776/840/776
f 729/792/729 777/841/777 776/840/776
f 729/792/729 730/793/730 777/841/777
f 730/793/730 778/842/778 777/841/777
f 730/793/730 731/794/731 778/842/778
f 731/794/731 779/843/779 778/842/778
f 731/794/731 732/795/732 779/843/779
f 732/795/732 780/844/780 779/843/779
f 732/795/732 733/796/733 780/844/780
f 733/796/733 781/845/781 780/844/780
f 733/796/733 734/797/734 781/845/781
f 734/797/734 782/846/782 781/845/781
f 734/797/734 735/798/735 782/846/782
f 735/798/735 783/847/783 782/846/782
f 735/798/735 736/799/736 783/847/783
f 736/799/736 784/848/784 783/847/783
f 736/799/736 737/800/737 784/848/784
f 737/800/737 785/849/785 784/848/784
f 737/800/737 738/801/738 785/849/785
f 738/801/738 786/850/786 785/849/785
f 738/801/738 739/802/739 786/850/786
f 739/802/739 787/851/787 786/850/786
f 739/802/739 740/803/740 787/851/787
f 740/803/740 788/852/788 787/851/787
f 740/803/740 741/804/741 788/852/788
f 741/804/741 789/853/789 788/852/788
f 741/804/741 742/805/742 789/853/789
f 742/805/742 790/854/790 789/853/789
f 742/805/742 743/806/743 790/854/790
f 743/806/743 791/855/791 790/854/790
f 743/806/743 744/807/744 791/855/791
f 744/807/744 792/856/792 791/855/791
f 744/807/744 745/808/745 792/856/792
f 745/808/745 793/857/793 792/856/792
f 745/808/745 746/809/746 793/857/793
f 746/809/746 794/858/794 793/857/793
f 746/809/746 747/810/747 794/858/794
f 747/810/747 795/859/795 794/858/794
f 747/810/747 748/811/748 795/859/795
f 748/811/748 796/860/796 795/859/795
f 748/811/748 749/812/749 796/860/796
f 749/812/749 797/861/797 796/860/796
f 749/812/749 750/813/750 797/861/797
f 750/813/750 798/862/798 797/861/797
f 750/813/750 751/814/751 798/862/798
f 751/814/751 799/863/799 798/862/798
f 751/814/751 752/815/752 799/863/799
f 752/815/752 800/864/800 799/863/799
f 752/815/752 753/816/753 800/864/800
f 753/816/753 801/865/801 800/864/800
f 753/816/753 754/817/754 801/865/801
f 754/817/754 802/866/802 801/865/801
f 754/817/754 755/818/755 802/866/802
f 755/818/755 803/867/803 802/866/802
f 755/818/755 756/819/756 803/867/803
f 756/819/756 804/868/804 803/867/803
f 756/819/756 757/820/757 804/868/804
f 757/820/757 805/869/805 804/868/804
f 757/820/757 758/821/758 805/869/805
f 758/821/758 806/870/806 805/869/805
f 758/821/758 759/822/759 806/870/806
f 759/822/759 807/871/807 806/870/806
f 759/822/759 760/823/760 807/871/807
f 760/823/760 808/872/808 807/871/807
f 760/823/760 761/824/761 808/872/808
f 761/824/761 809/873/809 808/872/808
f 761/824/761 762/825/762 809/873/809
f 762/825/762 810/874/810 809/873/809
f 762/825/762 763/826/763 810/874/810
f 763/826/763 811/875/811 810/874/810
f 763/826/763 764/827/764 811/875/811
f 764/827/764 812/876/812 811/875/811
f 764/827/764 765/828/765 812/876/812
f 765/828/765 813/877/813 812/876/812
f 765/828/765 766/829/766 813/877/813
f 766/829/766 814/878/814 813/877/813
f 766/829/766 767/830/767 814/878/814
f 767/830/767 815/879/815 814/878/814
f 767/830/767 768/831/768 815/879/815
f 768/831/768 816/880/816 815/879/815
f 768/831/768 769/832/769 816/880/816
f 769/832/769 817/881/817 816/880/816
f 769/832/769 722/833/722 817/881/817
f 722/833/722 770/882/770 817/881/817
f 770/834/770 771/835/771 818/883/818
f 771/835/771 819/884/819 818/883/818
f 771/835/771 772/836/772 819/884/819
f 772/836/772 820/885/820 819/884/819
f 772/836/772 773/837/773 820/885/820
f 773/837/773 821/886/821 820/885/820
f 773/837/773 774/838/774 821/886/821
f 774/838/774 822/887/822 821/886/821
f 774/838/774 775/839/775 822/887/822
f 775/839/775 823/888/823 822/887/822
f 775/839/775 776/840/776 823/888/823
f 776/840/776 824/889/824 823/888/823
f 776/840/776 777/841/777 824/889/824
f 777/841/777 825/890/825 824/889/824
f 777/841/777 778/842/778 825/890/825
f 778/842/778 826/891/826 825/890/825
f 778/842/778 779/843/779 826/891/826
f 779/843/779 827/892/827 826/891/826
f 779/843/779 780/844/780 827/892/827
f 780/844/780 828/893/828 827/892/827
f 780/844/780 781/845/781 828/893/828
f 781/845/781 829/894/829 828/893/828
f 781/845/781 782/846/782 829/894/829
f 782/846/782 830/895/830 829/894/829
f 782/846/782 783/847/783 830/895/830
f 783/847/783 831/896/831 830/895/830
f 783/847/783 784/848/784 831/896/831
f 784/848/784 832/897/832 831/896/831
f 784/848/784 785/849/785 832/897/832
f 785/849/785 833/898/833 832/897/832
f 785/849/785 786/850/786 833/898/833
f 786/850/786 834/899/834 833/898/833
f 786/850/786 787/851/787 834/899/834
f 787/851/787 835/900/835 834/899/834
f 787/851/787 788/852/788 835/900/835
f 788/852/788 836/901/836 835/900/835
f 788/852/788 789/853/789 836/901/836
f 789/853/789 837/902/837 836/901/836
f 789/853/789 790/854/790 837/902/837
f 790/854/790 838/903/838 837/902/837
f 790/854/790 791/855/791 838/903/838
f 791/855/791 839/904/839 838/903/838
f 791/855/791 792/856/792 839/904/839
f 792/856/792 840/905/840 839/904/839
f 792/856/792 793/857/793 840/905/840
f 793/857/793 841/906/841 840/905/840
f 793/857/793 794/858/794 841/906/841
f 794/858/794 842/907/842 841/906/841
f 794/858/794 795/859/795 842/907/842
f 795/859/795 843/908/843 842/907/842
f 795/859/795 796/860/796 843/908/843
f 796/860/796 844/909/844 843/908/843
f 796/860/796 797/861/797 844/909/844
f 797/861/797 845/910/845 844/909/844
f 797/861/797 798/862/798 845/910/845
f 798/862/798 846/911/846 845/910/845
f 798/862/798 799/863/799 846/911/846
f 799/863/799 847/912/847 846/911/846
f 799/863/799 800/864/800 847/912/847
f 800/864/800 848/913/848 847/912/847
f 800/864/800 801/865/801 848/913/848
f 801/865/801 849/914/849 848/913/848
f 801/865/801 802/866/802 849/914/849
f 802/866/802 850/915/850 849/914/849
f 802/866/802 803/867/803 850/915/850
f 803/867/803 851/916/851 850/915/850
f 803/867/803 804/868/804 851/916/851
f 804/868/804 852/917/852 851/916/851
f 804/868/804 805/869/805 852/917/852
f 805/869/805 853/918/853 852/917/852
f 805/869/805 806/870/806 853/918/853
f 806/870/806 854/919/854 853/918/853
f 806/870/806 807/871/807 854/919/854
f 807/871/807 855/920/855 854/919/854
f 807/871/807 808/872/808 855/920/855
f 808/872/808 856/921/856 855/920/855
f 808/872/808 809/873/809 856/921/856
f 809/873/809 857/922/857 856/921/856
f 809/873/809 810/874/810 857/922/857
f 810/874/810 858/923/858 857/922/857
f 810/874/810 811/875/811 858/923/858
f 811/875/811 859/924/859 858/923/858
f 811/875/811 812/876/812 859/924/859
f 812/876/812 860/925/860 859/924/859
f 812/876/812 813/877/813 860/925/860
f 813/877/813 861/926/861 860/925/860
f 813/877/813 814/878/814 861/926/861
f 814/878/814 862/927/862 861/926/861
f 814/878/814 815/879/815 862/927/862
f 815/879/815 863/928/863 862/927/862
f 815/879/815 816/880/816 863/928/863
f 816/880/816 864/929/864 863/928/863
f 816/880/816 817/881/817 864/929/864
f 817/881/817 865/930/865 864/929/864
f 817/881/817 770/882/770 865/930/865
f 770/882/770 818/931/818 865/930/865
f 818/883/818 819/884/819 866/932/866
f 819/884/819 867/933/867 866/932/866
f 819/884/819 820/885/820 867/933/867
f 820/885/820 868/934/868 867/933/867
f 820/885/820 821/886/821 868/934/868
f 821/886/821 869/935/869 868/934/868
f 821/886/821 822/887/822 869/935/869
f 822/887/822 870/936/870 869/935/869
f 822/887/822 823/888/823 870/936/870
f 823/888/823 871/937/871 870/936/870
f 823/888/823 824/889/824 871/937/871
f 824/889/824 872/938/872 871/937/871
f 824/889/824 825/890/825 872/938/872
f 825/890/825 873/939/873 872/938/872
f 825/890/825 826/891/826 873/939/873
f 826/891/826 874/940/874 873/939/873
f 826/891/826 827/892/827 874/940/874
f 827/892/827 875/941/875 874/940/874
f 827/892/827 828/893/828 875/941/875
f 828/893/828 876/942/876 875/941/875
f 828/893/828 829/894/829 876/942/876
f 829/894/829 877/943/877 876/942/876
f 829/894/829 830/895/830 877/943/877
f 830/895/830 878/944/878 877/943/877
f 830/895/830 831/896/831 878/944/878
f 831/896/831 879/945/879 878/944/878
f 831/896/831 832/897/832 879/945/879
f 832/897/832 880/946/880 879/945/879
f 832/897/832 833/898/833 880/946/880
f 833/898/833 881/947/881 880/946/880
f 833/898/833 834/899/834 881/947/881
f 834/899/834 882/948/882 881/947/881
f 834/899/834 835/900/835 882/948/882
f 835/900/835 883/949/883 882/948/882
f 835/900/835 836/901/836 883/949/883
f 836/901/836 884/950/884 883/949/883
f 836/901/836 837/902/837 884/950/884
f 837/902/837 885/951/885 884/950/884
f 837/902/837 838/903/838 885/951/885
f 838/903/838 886/952/886 885/951/885
f 838/903/838 839/904/839 886/952/886
f 839/904/839 887/953/887 886/952/886
f 839/904/839 840/905/840 887/953/887
f 840/905/840 888/954/888 887/953/887
f 840/905/840 841/906/841 888/954/888
f 841/906/841 889/955/889 888/954/888
f 841/906/841 842/907/842 889/955/889
f 842/907/842 890/956/890 889/955/889
f 842/907/842 843/908/843 890/956/890
f 843/908/843 891/957/891 890/956/890
f 843/908/843 844/909/844 891/957/891
f 844/909/844 892/958/892 891/957/891
f 844/909/844 845/910/845 892/958/892
f 845/910/845 893/959/893 892/958/892
f 845/910/845 846/911/846 893/959/893
f 846/911/846 894/960/894 893/959/893
f 846/911/846 847/912/847 894/960/894
f 847/912/847 895/961/895 894/960/894
f 847/912/847 848/913/848 895/961/895
f 848/913/848 896/962/896 895/961/895
f 848/913/848 849/914/849 896/962/896
f 849/914/849 897/963/897 896/962/896
f 849/914/849 850/915/850 897/963/897
f 850/915/850 898/964/898 897/963/897
f 850/915/850 851/916/851 898/964/898
f 851/916/851 899/965/899 898/964/898
f 851/916/851 852/917/852 899/965/899
f 852/917/852 900/966/900 899/965/899
f 852/917/852 853/918/853 900/966/900
f 853/918/853 901/967/901 900/966/900
f 853/918/853 854/919/854 901/967/901
f 854/919/854 902/968/902 901/967/901
f 854/919/854 855/920/855 902/968/902
f 855/920/855 903/969/903 902/968/902
f 855/920/855 856/921/856 903/969/903
f 856/921/856 904/970/904 903/969/903
f 856/921/856 857/922/857 904/970/904
f 857/922/857 905/971/905 904/970/904
f 857/922/857 858/923/858 905/971/905
f 858/923/858 906/972/906 905/971/905
f 858/923/858 859/924/859 906/972/906
f 859/924/859 907/973/907 906/972/906
f 859/924/859 860/925/860 907/973/907
f 860/925/860 908/974/908 907/973/907
f 860/925/860 861/926/861 908/974/908
f 861/926/861 909/975/909 908/974/908
f 861/926/861 862/927/862 909/975/909
f 862/927/862 910/976/910 909/975/909
f 862/927/862 863/928/863 910/976/910
f 863/928/863 911/977/911 910/976/910
f 863/928/863 864/929/864 911/977/911
f 864/929/864 912/978/912 911/977/911
f 864/929/864 865/930/865 912/978/912
f 865/930/865 913/979/913 912/978/912
f 865/930/865 818/931/818 913/979/913
f 818/931/818 866/980/866 913/979/913
f 866/932/866 867/933/867 914/981/914
f 867/933/867 915/982/915 914/981/914
f 867/933/867 868/934/868 915/982/915
f 868/934/868 916/983/916 915/982/915
f 868/934/868 869/935/869 916/983/916
f 869/935/869 917/984/917 916/983/916
f 869/935/869 870/936/870 917/984/917
f 870/936/870 918/985/918 917/984/917
f 870/936/870 871/937/871 918/985/918
f 871/937/871 919/986/919 918/985/918
f 871/937/871 872/938/872 919/986/919
f 872/938/872 920/987/920 919/986/919
f 872/938/872 873/939/873 920/987/920
f 873/939/873 921/988/921 920/987/920
f 873/939/873 874/940/874 921/988/921
f 874/940/874 922/989/922 921/988/921
f 874/940/874 875/941/875 922/989/922
f 875/941/875 923/990/923 922/989/922
f 875/941/875 876/942/876 923/990/923
f 876/942/876 924/991/924 923/990/923
f 876/942/876 877/943/877 924/991/924
f 877/943/877 925/992/925 924/991/924
f 877/943/877 878/944/878 925/992/925
f 878/944/878 926/993/926 925/992/925
f 878/944/878 879/945/879 926/993/926
f 879/945/879 927/994/927 926/993/926
f 879/945/879 880/946/880 927/994/927
f 880/946/880 928/995/928 927/994/927
f 880/946/880 881/947/881 928/995/928
f 881/947/881 929/996/929 928/995/928
f 881/947/881 882/948/882 929/996/929
f 882/948/882 930/997/930 929/996/929
f 882/948/882 883/949/883 930/997/930
f 883/949/883 931/998/931 930/997/930
f 883/949/883 884/950/884 931/998/931
f 884/950/884 932/999/932 931/998/931
f 884/950/884 885/951/885 932/999/932
f 885/951/885 933/1000/933 932/999/932
f 885/951/885 886/952/886 933/1000/933
f 886/952/886 934/1001/934 933/1000/933
f 886/952/886 887/953/887 934/1001/934
f 887/953/887 935/1002/935 934/1001/934
f 887/953/887 888/954/888 935/1002/935
f 888/954/888 936/1003/936 935/1002/935
f 888/954/888 889/955/889 936/1003/936
f 889/955/889 937/1004/937 936/1003/936
f 889/955/889 890/956/890 937/1004/937
f 890/956/890 938/1005/938 937/1004/937
f 890/956/890 891/957/891 938/1005/938
f 891/957/891 939/1006/939 938/1005/938
f 891/957/891 892/958/892 939/1006/939
f 892/958/892 940/1007/940 939/1006/939
f 892/958/892 893/959/893 940/1007/940
f 893/959/893 941/1008/941 940/1007/940
f 893/959/893 894/960/894 941/1008/941
f 894/960/894 942/1009/942 941/1008/941
f 894/960/894 895/961/895 942/1009/942
f 895/961/895 943/1010/943 942/1009/942
f 895/961/895 896/962/896 943/1010/943
f 896/962/896 944/1011/944 943/1010/943
f 896/962/896 897/963/897 944/1011/944
f 897/963/897 945/1012/945 944/1011/944
f 897/963/897 898/964/898 945/1012/945
f 898/964/898 946/1013/946 945/1012/945
f 898/964/898 899/965/899 946/1013/946
f 899/965/899 947/1014/947 946/1013/946
f 899/965/899 900/966/900 947/1014/947
f 900/966/900 948/1015/948 947/1014/947
f 900/966/900 901/967/901 948/1015/948
f 901/967/901 949/1016/949 948/1015/948
f 901/967/901 902/968/902 949/1016/949
f 902/968/902 950/1017/950 949/1016/949
f 902/968/902 903/969/903 950/1017/950
f 903/969/903 951/1018/951 950/1017/950
f 903/969/903 904/970/904 951/1018/951
f 904/970/904 952/1019/952 951/1018/951
f 904/970/904 905/971/905 952/1019/952
f 905/971/905 953/1020/953 952/1019/952
f 905/971/905 906/972/906 953/1020/953
f 906/972/906 954/1021/954 953/1020/953
f 906/972/906 907/973/907 954/1021/954
f 907/973/907 955/1022/955 954/1021/954
f 907/973/907 908/974/908 955/1022/955
f 908/974/908 956/1023/956 955/1022/955
f 908/974/908 909/975/909 956/1023/956
f 909/975/909 957/1024/957 956/1023/956
f 909/975/909 910/976/910 957/1024/957
f 910/976/910 958/1025/958 957/1024/957
f 910/976/910 911/977/911 958/1025/958
f 911/977/911 959/1026/959 958/1025/958
f 911/977/911 912/978/912 959/1026/959
f 912/978/912 960/1027/960 959/1026/959
f 912/978/912 913/979/913 960/1027/960
f 913/979/913 961/1028/961 960/1027/960
f 913/979/913 866/980/866 961/1028/961
f 866/980/866 914/1029/914 961/1028/961
f 914/981/914 915/982/915 962/1030/962
f 915/982/915 963/1031/963 962/1030/962
f 915/982/915 916/983/916 963/1031/963
f 916/983/916 964/1032/964 963/1031/963
f 916/983/916 917/984/917 964/1032/964
f 917/984/917 965/1033/965 964/1032/964
f 917/984/917 918/985/918 965/1033/965
f 918/985/918 966/1034/966 965/1033/965
f 918/985/918 919/986/919 966/1034/966
f 919/986/919 967/1035/967 966/1034/966
f 919/986/919 920/987/920 967/1035/967
f 920/987/920 968/1036/968 967/1035/967
f 920/987/920 921/988/921 968/1036/968
f 921/988/921 969/1037/969 968/1036/968
f 921/988/921 922/989/922 969/1037/969
f 922/989/922 970/1038/970 969/1037/969
f 922/989/922 923/990/923 970/1038/970
f 923/990/923 971/1039/971 970/1038/970
f 923/990/923 924/991/924 971/1039/971
f 924/991/924 972/1040/972 971/1039/971
f 924/991/924 925/992/925 972/1040/972
f 925/992/925 973/1041/973 972/1040/972
f 925/992/925 926/993/926 973/1041/973
f 926/993/926 974/1042/974 973/1041/973
f 926/993/926 927/994/927 974/1042/974
f 927/994/927 975/1043/975 974/1042/974
f 927/994/927 928/995/928 975/1043/975
f 928/995/928 976/1044/976 975/1043/975
f 928/995/928 929/996/929 976/1044/976
f 929/996/929 977/1045/977 976/1044/976
f 929/996/929 930/997/930 977/1045/977
f 930/997/930 978/1046/978 977/1045/977
f 930/997/930 931/998/931 978/1046/978
f 931/998/931 979/1047/979 978/1046/978
f 931/998/931 932/999/932 979/1047/979
f 932/999/932 980/1048/980 979/1047/979
f 932/999/932 933/1000/933 980/1048/980
f 933/1000/933 981/1049/981 980/1048/980
f 933/1000/933 934/1001/934 981/1049/981
f 934/1001/934 982/1050/982 981/1049/981
f 934/1001/934 935/1002/935 982/1050/982
f 935/1002/935 983/1051/983 982/1050/982
f 935/1002/935 936/1003/936 983/1051/983
f 936/1003/936 984/1052/984 983/1051/983
f 936/1003/936 937/1004/937 984/1052/984
f 937/1004/937 985/1053/985 984/1052/984
f 937/1004/937 938/1005/938 985/1053/985
f 938/1005/938 986/1054/986 985/1053/985
f 938/1005/938 939/1006/939 986/1054/986
f 939/1006/939 987/1055/987 986/1054/986
f 939/1006/939 940/1007/940 987/1055/987
f 940/1007/940 988/1056/988 987/1055/987
f 940/1007/940 941/1008/941 988/1056/988
f 941/1008/941 989/1057/989 988/1056/988
f 941/1008/941 942/1009/942 989/1057/989
f 942/1009/942 990/1058/990 989/1057/989
f 942/1009/942 943/1010/943 990/1058/990
f 943/1010/943 991/1059/991 990/1058/990
f 943/1010/943 944/1011/944 991/1059/991
f 944/1011/944 992/1060/992 991/1059/991
f 944/1011/944 945/1012/945 992/1060/992
f 945/1012/945 993/1061/993 992/1060/992
f 945/1012/945 946/1013/946 993/1061/993
f 946/1013/946 994/1062/994 993/1061/993
f 946/1013/946 947/1014/947 994/1062/994
f 947/1014/947 995/1063/995 994/1062/994
f 947/1014/947 948/1015/948 995/1063/995
f 948/1015/948 996/1064/996 995/1063/995
f 948/1015/948 949/1016/949 996/1064/996
f 949/1016/949 997/1065/997 996/1064/996
f 949/1016/949 950/1017/950 997/1065/997
f 950/1017/950 998/1066/998 997/1065/997
f 950/1017/950 951/1018/951 998/1066/998
f 951/1018/951 999/1067/999 998/1066/998
f 951/1018/951 952/1019/952 999/1067/999
f 952/1019/952 1000/1068/1000 999/1067/999
f 952/1019/952 953/1020/953 1000/1068/1000
f 953/1020/953 1001/1069/1001 1000/1068/1000
f 953/1020/953 954/1021/954 1001/1069/1001
f 954/1021/954 1002/1070/1002 1001/1069/1001
f 954/1021/954 955/1022/955 1002/1070/1002
f 955/1022/955 1003/1071/1003 1002/1070/1002
f 955/1022/955 956/1023/956 1003/1071/1003
f 956/1023/956 1004/1072/1004 1003/1071/1003
f 956/1023/956 957/1024/957 1004/1072/1004
f 957/1024/957 1005/1073/1005 1004/1072/1004
f 957/1024/957 958/1025/958 1005/1073/1005
f 958/1025/958 1006/1074/1006 1005/1073/1005
f 958/1025/958 959/1026/959 1006/1074/1006
f 959/1026/959 1007/1075/1007 1006/1074/1006
f 959/1026/959 960/1027/960 1007/1075/1007
f 960/1027/960 1008/1076/1008 1007/1075/1007
f 960/1027/960 961/1028/961 1008/1076/1008
f 961/1028/961 1009/1077/1009 1008/1076/1008
f 961/1028/961 914/1029/914 1009/1077/1009
f 914/1029/914 962/1078/962 1009/1077/1009
f 962/1030/962 963/1031/963 1010/1079/1010
f 963/1031/963 1011/1080/1011 1010/1079/1010
f 963/1031/963 964/1032/964 1011/1080/1011
f 964/1032/964 1012/1081/1012 1011/1080/1011
f 964/1032/964 965/1033/965 1012/1081/1012
f 965/1033/965 1013/1082/1013 1012/1081/1012
f 965/1033/965 966/1034/966 1013/1082/1013
f 966/1034/966 1014/1083/1014 1013/1082/1013
f 966/1034/966 967/1035/967 1014/1083/1014
f 967/1035/967 1015/1084/1015 1014/1083/1014
f 967/1035/967 968/1036/968 1015/1084/1015
f 968/1036/968 1016/1085/1016 1015/1084/1015
f 968/1036/968 969/1037/969 1016/1085/1016
f 969/1037/969 1017/1086/1017 1016/1085/1016
f 969/1037/969 970/1038/970 1017/1086/1017
f 970/1038/970 1018/1087/1018 1017/1086/1017
f 970/1038/970 971/1039/971 1018/1087/1018
f 971/1039/971 1019/1088/1019 1018/1087/1018
f 971/1039/971 972/1040/972 1019/1088/1019
f 972/1040/972 1020/1089/1020 1019/1088/1019
f 972/1040/972 973/1041/973 1020/1089/1020
f 973/1041/973 1021/1090/1021 1020/1089/1020
f 973/1041/973 974/1042/974 1021/1090/1021
f 974/1042/974 1022/1091/1022 1021/1090/1021
f 974/1042/974 975/1043/975 1022/1091/1022
f 975/1043/975 1023/1092/1023 1022/1091/1022
f 975/1043/975 976/1044/976 1023/1092/1023
f 976/1044/976 1024/1093/1024 1023/1092/1023
f 976/1044/976 977/1045/977 1024/1093/1024
f 977/1045/977 1025/1094/1025 1024/1093/1024
f 977/1045/977 978/1046/978 1025/1094/1025
f 978/1046/978 1026/1095/1026 1025/1094/1025
f 978/1046/978 979/1047/979 1026/1095/1026
f 979/1047/979 1027/1096/1027 1026/1095/1026
f 979/1047/979 980/1048/980 1027/1096/1027
f 980/1048/980 1028/1097/1028 1027/1096/1027
f 980/1048/980 981/1049/981 1028/1097/1028
f 981/1049/981 1029/1098/1029 1028/1097/1028
f 981/1049/981 982/1050/982 1029/1098/1029
f 982/1050/982 1030/1099/1030 1029/1098/1029
f 982/1050/982 983/1051/983 1030/1099/1030
f 983/1051/983 1031/1100/1031 1030/1099/1030
f 983/1051/983 984/1052/984 1031/1100/1031
f 984/1052/984 1032/1101/1032 1031/1100/1031
f 984/1052/984 985/1053/985 1032/1101/1032
f 985/1053/985 1033/1102/1033 1032/1101/1032
f 985/1053/985 986/1054/986 1033/1102/1033
f 986/1054/986 1034/1103/1034 1033/1102/1033
f 986/1054/986 987/1055/987 1034/1103/1034
f 987/1055/987 1035/1104/1035 1034/1103/1034
f 987/1055/987 988/1056/988 1035/1104/1035
f 988/1056/988 1036/1105/1036 1035/1104/1035
f 988/1056/988 989/1057/989 1036/1105/1036
f 989/1057/989 1037/1106/1037 1036/1105/1036
f 989/1057/989 990/1058/990 1037/1106/1037
f 990/1058/990 1038/1107/1038 1037/1106/1037
f 990/1058/990 991/1059/991 1038/1107/1038
f 991/1059/991 1039/1108/1039 1038/1107/1038
f 991/1059/991 992/1060/992 1039/1108/1039
f 992/1060/992 1040/1109/1040 1039/1108/1039
f 992/1060/992 993/1061/993 1040/1109/1040
f 993/1061/993 1041/1110/1041 1040/1109/1040
f 993/1061/993 994/1062/994 1041/1110/1041
f 994/1062/994 1042/1111/1042 1041/1110/1041
f 994/1062/994 995/1063/995 1042/1111/1042
f 995/1063/995 1043/1112/1043 1042/1111/1042
f 995/1063/995 996/1064/996 1043/1112/1043
f 996/1064/996 1044/1113/1044 1043/1112/1043
f 996/1064/996 997/1065/997 1044/1113/1044
f 997/1065/997 1045/1114/1045 1044/1113/1044
f 997/1065/997 998/1066/998 1045/1114/1045
f 998/1066/998 1046/1115/1046 1045/1114/1045
f 998/1066/998 999/1067/999 1046/1115/1046
f 999/1067/999 1047/1116/1047 1046/1115/1046
f 999/1067/999 1000/1068/1000 1047/1116/1047
f 1000/1068/1000 1048/1117/1048 1047/1116/1047
f 1000/1068/1000 1001/1069/1001 1048/1117/1048
f 1001/1069/1001 1049/1118/1049 1048/1117/1048
f 1001/1069/1001 1002/1070/1002 1049/1118/1049
f 1002/1070/1002 1050/1119/1050 1049/1118/1049
f 1002/1070/1002 1003/1071/1003 1050/1119/1050
f 1003/1071/1003 1051/1120/1051 1050/1119/1050
f 1003/1071/1003 1004/1072/1004 1051/1120/1051
f 1004/1072/1004 1052/1121/1052 1051/1120/1051
f 1004/1072/1004 1005/1073/1005 1052/1121/1052
f 1005/1073/1005 1053/1122/1053 1052/1121/1052
f 1005/1073/1005 1006/1074/1006 1053/1122/1053
f 1006/1074/1006 1054/1123/1054 1053/1122/1053
f 1006/1074/1006 1007/1075/1007 1054/1123/1054
f 1007/1075/1007 1055/1124/1055 1054/1123/1054
f 1007/1075/1007 1008/1076/1008 1055/1124/1055
f 1008/1076/1008 1056/1125/1056 1055/1124/1055
f 1008/1076/1008 1009/1077/1009 1056/1125/1056
f 1009/1077/1009 1057/1126/1057 1056/1125/1056
f 1009/1077/1009 962/1078/962 1057/1126/1057
f 962/1078/962 1010/1127/1010 1057/1126/1057
f 1010/1079/1010 1011/1080/1011 1058/1128/1058
f 1011/1080/1011 1059/1129/1059 1058/1128/1058
f 1011/1080/1011 1012/1081/1012 1059/1129/1059
f 1012/1081/1012 1060/1130/1060 1059/1129/1059
f 1012/1081/1012 1013/1082/1013 1060/1130/1060
f 1013/1082/1013 1061/1131/1061 1060/1130/1060
f 1013/1082/1013 1014/1083/1014 1061/1131/1061
f 1014/1083/1014 1062/1132/1062 1061/1131/1061
f 1014/1083/1014 1015/1084/1015 1062/1132/1062
f 1015/1084/1015 1063/1133/1063 1062/1132/1062
f 1015/1084/1015 1016/1085/1016 1063/1133/1063
f 1016/1085/1016 1064/1134/1064 1063/1133/1063
f 1016/1085/1016 1017/1086/1017 1064/1134/1064
f 1017/1086/1017 1065/1135/1065 1064/1134/1064
f 1017/1086/1017 1018/1087/1018 1065/1135/1065
f 1018/1087/1018 1066/1136/1066 1065/1135/1065
f 1018/1087/1018 1019/1088/1019 1066/1136/1066
f 1019/1088/1019 1067/1137/1067 1066/1136/1066
f 1019/1088/1019 1020/1089/1020 1067/1137/1067
f 1020/1089/1020 1068/1138/1068 1067/1137/1067
f 1020/1089/1020 1021/1090/1021 1068/1138/1068
f 1021/1090/1021 1069/1139/1069 1068/1138/1068
f 1021/1090/1021 1022/1091/1022 1069/1139/1069
f 1022/1091/1022 1070/1140/1070 1069/1139/1069
f 1022/1091/1022 1023/1092/1023 1070/1140/1070
f 1023/1092/1023 1071/1141/1071 1070/1140/1070
f 1023/1092/1023 1024/1093/1024 1071/1141/1071
f 1024/1093/1024 1072/1142/1072 1071/1141/1071
f 1024/1093/1024 1025/1094/1025 1072/1142/1072
f 1025/1094/1025 1073/1143/1073 1072/1142/1072
f 1025/1094/1025 1026/1095/1026 1073/1143/1073
f 1026/1095/1026 1074/1144/1074 1073/1143/1073
f 1026/1095/1026 1027/1096/1027 1074/1144/1074
f 1027/1096/1027 1075/1145/1075 1074/1144/1074
f 1027/1096/1027 1028/1097/1028 1075/1145/1075
f 1028/1097/1028 1076/1146/1076 1075/1145/1075
f 1028/1097/1028 1029/1098/1029 1076/1146/1076
f 1029/1098/1029 1077/1147/1077 1076/1146/1076
f 1029/1098/1029 1030/1099/1030 1077/1147/1077
f 1030/1099/1030 1078/1148/1078 1077/1147/1077
f 1030/1099/1030 1031/1100/1031 1078/1148/1078
f 1031/1100/1031 1079/1149/1079 1078/1148/1078
f 1031/1100/1031 1032/1101/1032 1079/1149/1079
f 1032/1101/1032 1080/1150/1080 1079/1149/1079
f 1032/1101/1032 1033/1102/1033 1080/1150/1080
f 1033/1102/1033 1081/1151/1081 1080/1150/1080
f 1033/1102/1033 1034/1103/1034 1081/1151/1081
f 1034/1103/1034 1082/1152/1082 1081/1151/1081
f 1034/1103/1034 1035/1104/1035 1082/1152/1082
f 1035/1104/1035 1083/1153/1083 1082/1152/1082
f 1035/1104/1035 1036/1105/1036 1083/1153/1083
f 1036/1105/1036 1084/1154/1084 1083/1153/1083
f 1036/1105/1036 1037/1106/1037 1084/1154/1084
f 1037/1106/1037 1085/1155/1085 1084/1154/1084
f 1037/1106/1037 1038/1107/1038 1085/1155/1085
f 1038/1107/1038 1086/1156/1086 1085/1155/1085
f 1038/1107/1038 1039/1108/1039 1086/1156/1086
f 1039/1108/1039 1087/1157/1087 1086/1156/1086
f 1039/1108/1039 1040/1109/1040 1087/1157/1087
f 1040/1109/1040 1088/1158/1088 1087/1157/1087
f 1040/1109/1040 1041/1110/1041 1088/1158/1088
f 1041/1110/1041 1089/1159/1089 1088/1158/1088
f 1041/1110/1041 1042/1111/1042 1089/1159/1089
f 1042/1111/1042 1090/1160/1090 1089/1159/1089
f 1042/1111/1042 1043/1112/1043 1090/1160/1090
f 1043/1112/1043 1091/1161/1091 1090/1160/1090
f 1043/1112/1043 1044/1113/1044 1091/1161/1091
f 1044/1113/1044 1092/1162/1092 1091/1161/1091
f 1044/1113/1044 1045/1114/1045 1092/1162/1092
f 1045/1114/1045 1093/1163/1093 1092/1162/1092
f 1045/1114/1045 1046/1115/1046 1093/1163/1093
f 1046/1115/1046 1094/1164/1094 1093/1163/1093
f 1046/1115/1046 1047/1116/1047 1094/1164/1094
f 1047/1116/1047 1095/1165/1095 1094/1164/1094
f 1047/1116/1047 1048/1117/1048 1095/1165/1095
f 1048/1117/1048 1096/1166/1096 1095/1165/1095
f 1048/1117/1048 1049/1118/1049 1096/1166/1096
f 1049/1118/1049 1097/1167/1097 1096/1166/1096
f 1049/1118/1049 1050/1119/1050 1097/1167/1097
f 1050/1119/1050 1098/1168/1098 1097/1167/1097
f 1050/1119/1050 1051/1120/1051 1098/1168/1098
f 1051/1120/1051 1099/1169/1099 1098/1168/1098
f 1051/1120/1051 1052/1121/1052 1099/1169/1099
f 1052/1121/1052 1100/1170/1100 1099/1169/1099
f 1052/1121/1052 1053/1122/1053 1100/1170/1100
f 1053/1122/1053 1101/1171/1101 1100/1170/1100
f 1053/1122/1053 1054/1123/1054 1101/1171/1101
f 1054/1123/1054 1102/1172/1102 1101/1171/1101
f 1054/1123/1054 1055/1124/1055 1102/1172/1102
f 1055/1124/1055 1103/1173/1103 1102/1172/1102
f 1055/1124/1055 1056/1125/1056 1103/1173/1103
f 1056/1125/1056 1104/1174/1104 1103/1173/1103
f 1056/1125/1056 1057/1126/1057 1104/1174/1104
f 1057/1126/1057 1105/1175/1105 1104/1174/1104
f 1057/1126/1057 1010/1127/1010 1105/1175/1105
f 1010/1127/1010 1058/1176/1058 1105/1175/1105
f 1058/1128/1058 1059/1129/1059 1106/1177/1106
f 1059/1129/1059 1060/1130/1060 1106/1178/1106
f 1060/1130/1060 1061/1131/1061 1106/1179/1106
f 1061/1131/1061 1062/1132/1062 1106/1180/1106
f 1062/1132/1062 1063/1133/1063 1106/1181/1106
f 1063/1133/1063 1064/1134/1064 1106/1182/1106
f 1064/1134/1064 1065/1135/1065 1106/1183/1106
f 1065/1135/1065 1066/1136/1066 1106/1184/1106
f 1066/1136/1066 1067/1137/1067 1106/1185/1106
f 1067/1137/1067 1068/1138/1068 1106/1186/1106
f 1068/1138/1068 1069/1139/1069 1106/1187/1106
f 1069/1139/1069 1070/1140/1070 1106/1188/1106
f 1070/1140/1070 1071/1141/1071 1106/1189/1106
f 1071/1141/1071 1072/1142/1072 1106/1190/1106
f 1072/1142/1072 1073/1143/1073 1106/1191/1106
f 1073/1143/1073 1074/1144/1074 1106/1192/1106
f 1074/1144/1074 1075/1145/1075 1106/1193/1106
f 1075/1145/1075 1076/1146/1076 1106/1194/1106
f 1076/1146/1076 1077/1147/1077 1106/1195/1106
f 1077/1147/1077 1078/1148/1078 1106/1196/1106
f 1078/1148/1078 1079/1149/1079 1106/1197/1106
f 1079/1149/1079 1080/1150/1080 1106/1198/1106
f 1080/1150/1080 1081/1151/1081 1106/1199/1106
f 1081/1151/1081 1082/1152/1082 1106/1200/1106
f 1082/1152/1082 1083/1153/1083 1106/1201/1106
f 1083/1153/1083 1084/1154/1084 1106/1202/1106
f 1084/1154/1084 1085/1155/1085 1106/1203/1106
f 1085/1155/1085 1086/1156/1086 1106/1204/1106
f 1086/1156/1086 1087/1157/1087 1106/1205/1106
f 1087/1157/1087 1088/1158/1088 1106/1206/1106
f 1088/1158/1088 1089/1159/1089 1106/1207/1106
f 1089/1159/1089 1090/1160/1090 1106/1208/1106
f 1090/1160/1090 1091/1161/1091 1106/1209/1106
f 1091/1161/1091 1092/1162/1092 1106/1210/1106
f 1092/1162/1092 1093/1163/1093 1106/1211/1106
f 1093/1163/1093 1094/1164/1094 1106/1212/1106
f 1094/1164/1094 1095/1165/1095 1106/1213/1106
f 1095/1165/1095 1096/1166/1096 1106/1214/1106
f 1096/1166/1096 1097/1167/1097 1106/1215/1106
f 1097/1167/1097 1098/1168/1098 1106/1216/1106
f 1098/1168/1098 1099/1169/1099 1106/1217/1106
f 1099/1169/1099 1100/1170/1100 1106/1218/1106
f 1100/1170/1100 1101/1171/1101 1106/1219/1106
f 1101/1171/1101 1102/1172/1102 1106/1220/1106
f 1102/1172/1102 1103/1173/1103 1106/1221/1106
f 1103/1173/1103 1104/1174/1104 1106/1222/1106
f 1104/1174/1104 1105/1175/1105 1106/1223/1106
f 1105/1175/1105 1058/1176/1058 1106/1224/1106
